ticket_id,opened_at,first_response_at,resolved_at,closed_at,updated_at,status,priority,category,subcategory,assignment_group,assigned_agent,channel,department,site,reassignment_count,reopened,wait_reason
INC1012915,2024-09-10 13:46:57,2024-09-10 16:09:12,2024-09-10 21:47:44,2024-09-13 21:47:44,2024-09-13 21:47:44,Closed,Medium,Outlook,Calendar sync,Collaboration,N. Farah,Email,Sales,Toronto,1,0,
INC1027107,2025-06-01 20:47:39,2025-06-01 21:58:45,2025-06-02 03:29:02,2025-06-05 03:29:02,2025-06-05 03:29:02,Closed,Medium,Printing,Scan to email,Desktop Support,E. Walsh,Email,Operations,Mississauga,0,0,
INC1032219,2025-09-05 09:51:43,2025-09-05 17:05:56,2025-09-05 20:53:58,2025-09-08 20:53:58,2025-09-08 20:53:58,Closed,Low,Onboarding,Role change,Service Desk,A. Singh,Portal,Customer Care,Toronto,0,0,
INC1043699,2026-03-13 06:33:01,2026-03-13 07:55:45,2026-03-13 11:51:42,2026-03-16 11:51:42,2026-03-16 11:51:42,Closed,Medium,Access & Identity,SSO error,Identity & Access,C. Lopez,Portal,Operations,Toronto,0,0,
INC1047001,2026-05-08 08:45:11,2026-05-08 08:54:15,2026-05-08 11:44:17,2026-05-11 11:44:17,2026-05-11 11:44:17,Closed,High,Security,Malware alert,Security Operations,Z. Mensah,Chat,Operations,Waterloo,0,0,
INC1037785,2025-11-26 07:24:35,2025-11-26 09:19:45,2025-11-28 09:50:50,2025-12-01 09:50:50,2025-12-01 09:50:50,Closed,P4,Onboarding,Leaver deprovisioning,Service Desk,M. Chen,Email,Executive,Waterloo,0,0,
INC1024393,2025-04-11 10:27:16,2025-04-11 14:06:11,2025-04-12 03:51:59,2025-04-15 03:51:59,2025-04-15 03:51:59,Closed,Low,Network & VPN,Wi-Fi drop-outs,Network Operations,V. Ivanova,Portal,Sales,Mississauga,1,0,
INC1036202,2025-10-27 14:02:17,2025-10-27 14:34:55,2025-10-27 17:13:38,2025-10-30 17:13:38,2025-10-30 17:13:38,Closed,Medium,Security,Lost device,Security Operations,Y. Tanaka,Portal,Operations,Mississauga,0,0,
INC1006137,2024-04-29 12:54:22,2024-04-29 13:14:18,2024-04-29 18:42:01,2024-05-02 18:42:01,2024-05-02 18:42:01,Closed,High,Email & Collaboration,Calendar sync,Collaboration,O. Byrne,Portal,Operations,Waterloo,0,0,
INC1040859,2026-01-26 11:38:40,2026-01-26 13:27:51,2026-01-26 19:20:15,2026-01-29 19:20:15,2026-01-29 19:20:15,Closed,Medium,Hardware,Battery failure,Desktop Support,P. Kaur,Phone,Customer Care,Toronto,0,0,
INC1046013,2026-04-21 14:05:24,2026-04-21 15:19:43,2026-04-21 23:52:26,2026-04-24 23:52:26,2026-04-24 23:52:26,Closed,Medium,Onboarding,New starter setup,Service Desk,L. Nguyen,Phone,Sales,Mississauga,0,0,
INC1010683,2024-07-30 10:03:09,2024-07-30 13:51:41,2024-07-31 11:20:37,2024-08-03 11:20:37,2024-08-03 11:20:37,Closed,Low,Printing,Printer offline,Desktop Support,K. Brown,Portal,Sales,Remote,0,0,
INC1035738,2025-10-17 13:10:24,2025-10-17 15:51:42,2025-10-17 19:31:57,2025-10-20 19:31:57,2025-10-20 19:31:57,Closed,Low,Email & Collaboration,Teams meeting issue,Collaboration,N. Farah,Portal,Operations,Toronto,0,0,
INC1032449,2025-09-09 04:40:43,2025-09-09 11:43:49,2025-09-10 22:15:31,2025-09-13 22:15:31,2025-09-13 22:15:31,Closed,Low,Hardware Issue,Laptop fault,Desktop Support,D. Rossi,Portal,Marketing,Remote,0,0,
INC1032468,2025-09-09 08:39:30,2025-09-09 12:21:40,2025-09-10 02:23:23,2025-09-13 02:23:23,2025-09-13 02:23:23,Closed,Low,Software,Application crash,Desktop Support,T. Martin,Portal,Marketing,Ottawa,0,0,
INC1027249,2025-06-03 13:46:27,2025-06-03 14:13:53,2025-06-03 18:15:18,2025-06-06 18:15:18,2025-06-06 18:15:18,Closed,High,Email & Collaboration,Calendar sync,Collaboration,N. Farah,Portal,Sales,Waterloo,0,0,
INC1027131,2025-06-02 09:55:36,2025-06-02 11:11:54,2025-06-03 01:31:30,2025-06-06 01:31:30,2025-06-06 01:31:30,Closed,Medium,Network & VPN,Slow connection,Network Operations,G. Novak,Email,Marketing,Toronto,2,0,
INC1015866,2024-10-31 12:06:43,2024-10-31 14:26:59,2024-10-31 20:48:16,2024-11-03 20:48:16,2024-11-03 20:48:16,Closed,Medium,Password,SSO error,Identity & Access,C. Lopez,Email,Engineering,Mississauga,0,0,
INC1048537,2026-06-04 11:50:39,2026-06-04 14:00:04,2026-06-05 02:53:44,2026-06-08 02:53:44,2026-06-08 02:53:44,Closed,med,Software,Application crash,Desktop Support,K. Brown,Email,Sales,Remote,2,0,
INC1030727,2025-08-07 13:06:21,2025-08-07 15:00:14,2025-08-07 19:00:07,2025-08-10 19:00:07,2025-08-10 19:00:07,Closed,Low,Email & Collaboration,Teams meeting issue,Collaboration,N. Farah,Email,Operations,Remote,0,0,
INC1042175,2026-02-18 09:47:41,2026-02-18 10:47:41,2026-02-18 14:55:59,2026-02-21 14:55:59,2026-02-21 14:55:59,Closed,Medium,Email & Collaboration,Calendar sync,Collaboration,N. Farah,Phone,Customer Care,Remote,0,0,
INC1015429,2024-10-23 11:03:07,2024-10-23 12:14:14,2024-10-23 17:21:49,2024-10-26 17:21:49,2024-10-26 17:21:49,Closed,Medium,Onboarding,New starter setup,Service Desk,R. Patel,Chat,Engineering,Toronto,0,0,
INC1024591,2025-04-16 07:07:57,2025-04-16 08:48:23,2025-04-16 09:45:28,2025-04-19 09:45:28,2025-04-19 09:45:28,Closed,Medium,Hardware,Battery failure,Desktop Support,P. Kaur,Phone,Operations,Remote,0,0,
INC1033209,2025-09-17 09:08:48,2025-09-17 09:25:50,2025-09-17 12:09:20,2025-09-20 12:09:20,2025-09-20 12:09:20,Closed,High,network,VPN will not connect,Network Operations,V. Ivanova,Portal,Operations,Toronto,0,0,
INC1015268,2024-10-21 07:53:58,2024-10-21 08:20:53,2024-10-21 10:14:39,2024-10-24 10:14:39,2024-10-24 10:14:39,Closed,Medium,IAM,Account locked,Identity & Access,F. Haddad,Portal,HR,Waterloo,0,0,
INC1041822,2026-02-11 13:21:56,2026-02-11 16:56:22,2026-02-12 22:36:50,2026-02-15 22:36:50,2026-02-15 22:36:50,Closed,Low,Onboarding,Leaver deprovisioning,Service Desk,R. Patel,Portal,Finance,Remote,1,0,
INC1004361,2024-03-26 09:52:38,2024-03-26 10:49:12,2024-03-26 19:37:03,2024-03-29 19:37:03,2024-03-29 19:37:03,Closed,Medium,Access & Identity,Permission request,Identity & Access,B. Kim,Phone,Sales,Mississauga,1,0,Awaiting manager approval
INC1025110,2025-04-24 10:50:50,2025-04-24 13:16:30,2025-04-24 17:41:37,2025-04-27 17:41:37,2025-04-27 17:41:37,Closed,Medium,Network & VPN,Wi-Fi drop-outs,Network Operations,H. Silva,Portal,Operations,Waterloo,0,0,
INC1046193,2026-04-24 10:22:57,2026-04-24 15:05:00,2026-04-24 15:36:20,2026-04-27 15:36:20,2026-04-27 15:36:20,Closed,Low,Hardware,Battery failure,Desktop Support,K. Brown,Chat,Sales,Remote,0,0,
INC1014138,2024-09-30 08:52:04,2024-09-30 10:30:05,2024-10-01 04:42:47,2024-10-04 04:42:47,2024-10-04 04:42:47,Closed,Medium,Onboarding,Leaver deprovisioning,Service Desk,S. Ahmed,Portal,Finance,Toronto,0,1,
INC1032340,2025-09-08 09:18:17,2025-09-08 11:52:55,2025-09-10 12:04:35,2025-09-13 12:04:35,2025-09-13 12:04:35,Closed,Medium,Software,Install request,Desktop Support,T. Martin,Phone,Sales,Waterloo,0,0,
INC1001251,2024-01-24 11:52:10,2024-01-24 11:53:20,2024-01-24 12:42:38,2024-01-27 12:42:38,2024-01-27 12:42:38,Closed,Critical,Application,Licence request,Desktop Support,P. Kaur,Email,Sales,Toronto,0,0,
INC1042964,2026-03-03 14:40:33,2026-03-03 16:17:54,2026-03-08 21:39:15,2026-03-11 21:39:15,2026-03-11 21:39:15,Closed,Low,Access & Identity,Permission request,Identity & Access,F. Haddad,Portal,Marketing,Waterloo,1,0,
INC1036243,2025-10-28 11:00:15,2025-10-28 11:06:35,2025-10-28 18:57:17,2025-10-31 18:57:17,2025-10-31 18:57:17,Closed,Critical,Software,Licence request,Desktop Support,D. Rossi,Email,Operations,Waterloo,1,0,
INC1042234,2026-02-19 07:59:55,2026-02-19 11:16:56,2026-02-20 03:48:32,2026-02-23 03:48:32,2026-02-23 03:48:32,Closed,Low,Security,Phishing report,Security Operations,Y. Tanaka,Portal,Sales,Mississauga,0,0,
INC1032071,2025-09-03 09:34:39,2025-09-03 16:09:56,2025-09-04 20:24:58,2025-09-07 20:24:58,2025-09-07 20:24:58,Closed,Low,Hardware,Battery failure,Desktop Support,K. Brown,Chat,Operations,Toronto,0,0,
INC1039721,2026-01-07 09:40:15,2026-01-07 10:20:27,2026-01-07 14:18:11,2026-01-10 14:18:11,2026-01-10 14:18:11,Closed,High,Access & Identity,SSO error,Identity & Access,B. Kim,Phone,HR,Toronto,1,0,Awaiting manager approval
INC1016343,2024-11-10 08:05:06,2024-11-10 12:09:31,2024-11-10 23:28:40,2024-11-13 23:28:40,2024-11-13 23:28:40,Closed,Low,Access & Identity,Permission request,Identity & Access,B. Kim,Email,HR,Toronto,1,0,
INC1018558,2024-12-30 13:21:37,2024-12-30 14:43:20,2024-12-30 21:44:35,2025-01-02 21:44:35,2025-01-02 21:44:35,Closed,Medium,Hardware,Monitor / dock,Desktop Support,P. Kaur,Portal,Sales,Mississauga,0,0,
INC1040196,2026-01-14 11:51:48,2026-01-14 12:59:03,2026-01-14 16:45:37,2026-01-17 16:45:37,2026-01-17 16:45:37,Closed,Medium,Network & VPN,VPN will not connect,Network Operations,H. Silva,Chat,Sales,Toronto,0,0,
INC1015987,2024-11-03 17:18:32,2024-11-03 20:37:22,2024-11-08 00:46:19,2024-11-11 00:46:19,2024-11-11 00:46:19,Closed,Low,Software,Application crash,Desktop Support,T. Martin,Phone,Engineering,Ottawa,0,0,
INC1020821,2025-02-09 09:53:13,2025-02-09 11:52:59,2025-02-10 22:46:36,2025-02-13 22:46:36,2025-02-13 22:46:36,Closed,low,Software,Licence request,Desktop Support,D. Rossi,Email,Marketing,Mississauga,0,0,
INC1006765,2024-05-11 23:50:49,2024-05-12 03:33:55,2024-05-12 12:08:17,2024-05-15 12:08:17,2024-05-15 12:08:17,Closed,Medium,Software,Licence request,Desktop Support,E. Walsh,Phone,Operations,Remote,1,0,
INC1002273,2024-02-13 11:56:17,2024-02-13 13:47:33,2024-02-13 20:20:38,2024-02-16 20:20:38,2024-02-16 20:20:38,Closed,Medium,Printing,Scan to email,Desktop Support,T. Martin,Portal,HR,Ottawa,0,0,
INC1006893,2024-05-15 09:20:41,2024-05-15 11:22:00,2024-05-16 04:28:43,2024-05-19 04:28:43,2024-05-19 04:28:43,Closed,Low,Software,Application crash,Desktop Support,E. Walsh,Phone,Engineering,Toronto,0,0,
INC1047482,2026-05-17 10:44:58,2026-05-17 14:09:30,2026-05-18 12:34:54,2026-05-21 12:34:54,2026-05-21 12:34:54,Closed,Low,Security,Phishing report,Security Operations,Y. Tanaka,Email,Customer Care,Toronto,1,0,Awaiting user
INC1032042,2025-09-02 14:43:01,2025-09-02 16:37:17,2025-09-03 05:53:54,2025-09-06 05:53:54,2025-09-06 05:53:54,Closed,Medium,Email & Collaboration,Mailbox full,Collaboration,O. Byrne,Portal,Engineering,Waterloo,0,0,
INC1035838,2025-10-20 12:14:15,2025-10-20 21:52:57,2025-10-22 06:27:45,2025-10-25 06:27:45,2025-10-25 06:27:45,Closed,Medium,Access & Identity,MFA enrolment,Identity & Access,B. Kim,Email,Sales,Mississauga,0,0,Awaiting manager approval
INC1020287,2025-01-30 09:39:13,2025-01-30 10:40:52,2025-01-30 18:15:20,2025-02-02 18:15:20,2025-02-02 18:15:20,Closed,Medium,Software,Application crash,Desktop Support,E. Walsh,Portal,Executive,Remote,1,0,
INC1000907,2024-01-17 14:43:36,2024-01-17 15:38:15,2024-01-18 01:34:23,2024-01-21 01:34:23,2024-01-21 01:34:23,Closed,Medium,Printing,Driver install,Desktop Support,T. Martin,Phone,Sales,Waterloo,0,1,
INC1006969,2024-05-16 11:19:32,2024-05-16 13:25:09,2024-05-17 00:34:28,2024-05-20 00:34:28,2024-05-20 00:34:28,Closed,Low,Printing,Toner / paper jam,Desktop Support,E. Walsh,Chat,Engineering,Mississauga,0,0,
INC1031415,2025-08-21 10:58:49,2025-08-21 17:42:14,2025-08-21 23:15:10,2025-08-24 23:15:10,2025-08-24 23:15:10,Closed,Low,Access & Identity,Permission request,Identity & Access,C. Lopez,Phone,Finance,Waterloo,1,0,
INC1004521,2024-03-29 07:33:48,2024-03-29 08:28:34,2024-03-29 15:54:37,2024-04-01 15:54:37,2024-04-01 15:54:37,Closed,Medium,Security,Malware alert,Security Operations,Y. Tanaka,Portal,Marketing,Ottawa,0,0,
INC1037607,2025-11-21 12:42:17,2025-11-21 15:48:16,2025-11-22 04:03:32,2025-11-25 04:03:32,2025-11-25 04:03:32,Closed,Medium,Hardware,Monitor / dock,Desktop Support,T. Martin,Phone,Sales,Ottawa,0,0,
INC1035950,2025-10-22 09:05:10,2025-10-22 12:43:36,2025-10-22 20:09:16,2025-10-25 20:09:16,2025-10-25 20:09:16,Closed,Low,Software,Licence request,Desktop Support,K. Brown,Phone,Operations,Ottawa,1,0,
INC1038220,2025-12-04 14:19:00,2025-12-04 16:26:36,2025-12-05 03:54:58,2025-12-08 03:54:58,2025-12-08 03:54:58,Closed,Medium,Security,Suspicious sign-in,Security Operations,Y. Tanaka,Phone,Marketing,Remote,0,0,
INC1019838,2025-01-22 09:36:36,2025-01-22 10:17:25,2025-01-22 13:03:10,2025-01-25 13:03:10,2025-01-25 13:03:10,Closed,Medium,Printing,Scan to email,Desktop Support,P. Kaur,Phone,Operations,Ottawa,1,0,
INC1002026,2024-02-07 14:30:24,2024-02-07 21:14:30,2024-02-08 17:44:38,2024-02-11 17:44:38,2024-02-11 17:44:38,Closed,P4,Software,Application crash,Desktop Support,K. Brown,Portal,Engineering,Mississauga,0,0,
INC1014217,2024-10-01 10:25:33,2024-10-01 10:58:01,2024-10-01 19:10:08,2024-10-04 19:10:08,2024-10-04 19:10:08,Closed,High,Network & VPN,Firewall rule request,Network Operations,H. Silva,Chat,HR,Mississauga,0,0,Awaiting carrier / vendor
INC1025956,2025-05-09 15:17:30,2025-05-09 20:48:26,2025-05-09 21:25:13,2025-05-12 21:25:13,2025-05-12 21:25:13,Closed,Medium,Onboarding,Leaver deprovisioning,Service Desk,R. Patel,Phone,Marketing,Remote,0,0,
INC1033598,2025-09-22 09:59:23,2025-09-22 13:46:24,2025-09-23 04:03:45,2025-09-26 04:03:45,2025-09-26 04:03:45,Closed,Low,Hardware,Laptop fault,Desktop Support,T. Martin,Phone,Operations,Remote,0,0,
INC1048237,2026-05-29 14:02:49,2026-05-29 15:52:56,2026-05-30 07:38:01,2026-06-02 07:38:01,2026-06-02 07:38:01,Closed,Low,Onboarding,Leaver deprovisioning,Service Desk,A. Singh,Email,Sales,Toronto,0,0,
INC1025097,2025-04-24 08:08:54,2025-04-24 09:22:56,2025-04-24 16:49:48,2025-04-27 16:49:48,2025-04-27 16:49:48,Closed,Low,Onboarding,Leaver deprovisioning,Service Desk,S. Ahmed,Portal,Operations,Toronto,0,0,
INC1013784,2024-09-23 10:59:38,2024-09-23 11:04:21,2024-09-23 14:28:03,2024-09-26 14:28:03,2024-09-26 14:28:03,Closed,1 - Critical,Network & VPN,Firewall rule request,Network Operations,H. Silva,Chat,Sales,Remote,0,0,
INC1036637,2025-11-04 13:34:12,2025-11-04 14:06:58,2025-11-04 19:51:00,2025-11-07 19:51:00,2025-11-07 19:51:00,Closed,High,Network & VPN,Firewall rule request,Network Operations,V. Ivanova,Portal,Marketing,Remote,1,0,
INC1027184,2025-06-02 16:21:20,2025-06-02 18:03:14,2025-06-04 04:38:13,2025-06-07 04:38:13,2025-06-07 04:38:13,Closed,Medium,Network & VPN,Wi-Fi drop-outs,Network Operations,G. Novak,Chat,Engineering,Ottawa,2,0,
INC1041246,2026-01-31 18:57:53,2026-01-31 19:42:02,2026-02-01 03:11:13,2026-02-04 03:11:13,2026-02-04 03:11:13,Closed,Medium,Security,Phishing report,Security Operations,Z. Mensah,Portal,Operations,Ottawa,1,0,
INC1005828,2024-04-23 09:48:46,2024-04-23 10:23:14,2024-04-23 11:14:37,2024-04-26 11:14:37,2024-04-26 11:14:37,Closed,High,Software,Application crash,Desktop Support,D. Rossi,Email,Engineering,Mississauga,0,0,
INC1039076,2025-12-24 14:37:40,2025-12-24 16:30:08,2025-12-25 03:48:39,2025-12-28 03:48:39,2025-12-28 03:48:39,Closed,Medium,Network & VPN,Firewall rule request,Network Operations,V. Ivanova,Portal,Executive,Waterloo,0,0,
INC1000154,2024-01-03 13:08:51,2024-01-03 15:41:44,2024-01-06 13:13:34,2024-01-09 13:13:34,2024-01-09 13:13:34,Closed,Low,Network & VPN,Firewall rule request,Network Operations,G. Novak,Chat,HR,Ottawa,1,0,
INC1020269,2025-01-30 07:15:05,2025-01-30 08:17:50,2025-01-30 18:40:49,2025-02-02 18:40:49,2025-02-02 18:40:49,Closed,Medium,Access & Identity,Shared drive access,Identity & Access,B. Kim,Email,Engineering,Remote,2,0,
INC1048024,2026-05-26 13:57:36,2026-05-26 14:59:41,2026-05-26 19:52:13,2026-05-29 19:52:13,2026-05-29 19:52:13,Closed,High,Network & VPN,Wi-Fi drop-outs,Network Operations,G. Novak,Phone,Sales,Waterloo,0,0,
INC1033581,2025-09-22 08:24:57,2025-09-22 11:04:52,2025-09-22 23:32:24,2025-09-25 23:32:24,2025-09-25 23:32:24,Closed,Medium,Access & Identity,Account locked,Identity & Access,F. Haddad,Phone,Operations,Ottawa,2,0,
INC1003441,2024-03-07 11:14:58,2024-03-07 14:02:32,2024-03-07 20:54:53,2024-03-10 20:54:53,2024-03-10 20:54:53,Closed,Low,Software,Update failure,Desktop Support,K. Brown,Email,Customer Care,Remote,0,0,
INC1004455,2024-03-28 07:01:38,2024-03-28 07:36:52,2024-03-28 12:56:54,2024-03-31 12:56:54,2024-03-31 12:56:54,Closed,Medium,Email & Collaboration,Mailbox full,Collaboration,O. Byrne,Portal,Sales,Remote,0,0,
INC1047401,2026-05-15 06:57:02,2026-05-15 11:28:41,2026-05-15 11:58:53,2026-05-18 11:58:53,2026-05-18 11:58:53,Closed,Medium,Access & Identity,Shared drive access,Identity & Access,F. Haddad,Phone,Executive,Mississauga,0,0,
INC1036859,2025-11-08 10:12:56,2025-11-08 13:40:55,2025-11-08 20:53:31,2025-11-11 20:53:31,2025-11-11 20:53:31,Closed,Low,Onboarding,Leaver deprovisioning,Service Desk,S. Ahmed,Portal,Operations,Toronto,0,0,
INC1031257,2025-08-19 07:20:39,2025-08-19 10:21:16,2025-08-20 02:00:06,2025-08-23 02:00:06,2025-08-23 02:00:06,Closed,Low,Onboarding,Role change,Service Desk,M. Chen,Portal,Operations,Toronto,0,0,
INC1034113,2025-09-26 12:37:39,2025-09-26 15:27:53,2025-09-26 16:23:16,2025-09-29 16:23:16,2025-09-29 16:23:16,Closed,Medium,Printing,Scan to email,Desktop Support,K. Brown,Email,Customer Care,Mississauga,0,0,
INC1017983,2024-12-15 17:48:27,2024-12-15 21:51:05,2024-12-16 07:27:52,2024-12-19 07:27:52,2024-12-19 07:27:52,Closed,Low,Software,Update failure,Desktop Support,T. Martin,Portal,Operations,Remote,1,0,
INC1041280,2026-02-02 10:04:12,2026-02-02 14:18:34,2026-02-03 02:30:58,2026-02-06 02:30:58,2026-02-06 02:30:58,Closed,Low,VPN,Firewall rule request,Network Operations,G. Novak,Portal,Marketing,Mississauga,0,0,
INC1019199,2025-01-10 06:22:13,2025-01-10 08:51:46,2025-01-10 16:38:25,2025-01-13 16:38:25,2025-01-13 16:38:25,Closed,Medium,Email & Collaboration,Mailbox full,Collaboration,O. Byrne,Portal,Marketing,Remote,0,0,
INC1018022,2024-12-16 12:26:18,2024-12-16 14:45:43,2024-12-16 18:47:09,2024-12-19 18:47:09,2024-12-19 18:47:09,Closed,Medium,Hardware,Monitor / dock,Desktop Support,E. Walsh,Phone,Engineering,Toronto,1,0,
INC1007306,2024-05-23 11:38:24,2024-05-23 14:20:25,2024-05-24 03:47:02,2024-05-27 03:47:02,2024-05-27 03:47:02,Closed,Low,Software,Application crash,Desktop Support,D. Rossi,Email,Customer Care,Waterloo,1,0,
INC1032860,2025-09-12 11:52:57,2025-09-12 12:08:55,2025-09-12 14:33:06,2025-09-15 14:33:06,2025-09-15 14:33:06,Closed,HIGH,Hardware,Battery failure,Desktop Support,K. Brown,Chat,Executive,Remote,0,0,
INC1029390,2025-07-14 08:02:48,2025-07-14 08:36:58,2025-07-14 23:51:36,2025-07-17 23:51:36,2025-07-17 23:51:36,Closed,Medium,Network & VPN,Slow connection,Network Operations,H. Silva,Email,HR,Waterloo,0,0,Awaiting carrier / vendor
INC1009718,2024-07-10 11:06:07,2024-07-10 15:44:19,2024-07-10 19:40:33,2024-07-13 19:40:33,2024-07-13 19:40:33,Closed,Low,Software,Application crash,Desktop Support,T. Martin,Email,Sales,Toronto,0,0,
INC1029894,2025-07-22 14:10:06,2025-07-22 14:20:34,2025-07-22 15:10:52,2025-07-25 15:10:52,2025-07-25 15:10:52,Closed,Critical,Access & Identity,Account locked,Identity & Access,F. Haddad,Email,Executive,Toronto,0,0,
INC1008676,2024-06-19 15:27:57,2024-06-19 16:59:24,2024-06-19 18:56:59,2024-06-22 18:56:59,2024-06-22 18:56:59,Closed,Medium,Software,Install request,Desktop Support,T. Martin,Portal,Operations,Ottawa,0,0,
INC1048357,2026-06-01 13:18:40,2026-06-01 13:57:10,2026-06-01 16:45:31,2026-06-04 16:45:31,2026-06-04 16:45:31,Closed,Medium,Email & Collaboration,Mailbox full,Collaboration,N. Farah,Email,Marketing,Ottawa,0,0,
INC1039164,2025-12-26 12:16:49,2025-12-26 14:15:07,2025-12-26 16:04:37,2025-12-29 16:04:37,2025-12-29 16:04:37,Closed,Medium,Onboarding,New starter setup,Service Desk,R. Patel,Email,Marketing,Remote,0,0,
INC1030626,2025-08-05 17:57:59,2025-08-05 20:19:10,2025-08-06 12:48:21,2025-08-09 12:48:21,2025-08-09 12:48:21,Closed,Medium,Access & Identity,Permission request,Identity & Access,B. Kim,Email,Operations,Ottawa,0,0,Awaiting manager approval
INC1002899,2024-02-26 10:07:31,2024-02-26 13:40:44,2024-02-27 00:14:12,2024-03-01 00:14:12,2024-03-01 00:14:12,Closed,Low,Onboarding,Leaver deprovisioning,Service Desk,J. Okafor,Portal,HR,Waterloo,0,0,
INC1003098,2024-02-29 10:03:56,2024-02-29 13:10:27,2024-02-29 14:02:08,2024-03-03 14:02:08,2024-03-03 14:02:08,Closed,Medium,Software,Application crash,Desktop Support,D. Rossi,Chat,Operations,Mississauga,0,0,
INC1048998,2026-06-12 11:43:40,2026-06-12 12:25:49,2026-06-23 10:12:48,2026-06-26 10:12:48,2026-06-26 10:12:48,Closed,Low,Hardware,Peripheral request,Desktop Support,E. Walsh,Portal,Operations,Remote,1,0,
INC1020475,2025-02-03 11:55:56,2025-02-03 13:13:47,2025-02-03 20:41:53,2025-02-06 20:41:53,2025-02-06 20:41:53,Closed,Medium,Email & Collaboration,Teams meeting issue,Collaboration,O. Byrne,Portal,HR,Waterloo,0,0,Awaiting vendor
INC1007950,2024-06-05 13:54:45,2024-06-05 14:51:43,2024-06-05 15:31:39,2024-06-08 15:31:39,2024-06-08 15:31:39,Closed,High,Access & Identity,Shared drive access,Identity & Access,F. Haddad,Email,Executive,Mississauga,0,0,
INC1048267,2026-05-30 22:00:17,2026-05-31 04:34:34,2026-06-01 04:09:45,2026-06-04 04:09:45,2026-06-04 04:09:45,Closed,Low,Access & Identity,MFA enrolment,Identity & Access,C. Lopez,Chat,Finance,Ottawa,0,0,
INC1004069,2024-03-20 10:43:11,2024-03-20 14:01:00,2024-03-20 19:20:32,2024-03-23 19:20:32,2024-03-23 19:20:32,Closed,Medium,Software,Update failure,Desktop Support,E. Walsh,Portal,Customer Care,Mississauga,0,0,
INC1016909,2024-11-21 09:10:32,2024-11-21 12:09:50,2024-11-21 16:47:37,2024-11-24 16:47:37,2024-11-24 16:47:37,Closed,Low,Software,Application crash,Desktop Support,E. Walsh,Chat,Marketing,Toronto,0,0,
INC1046293,2026-04-27 09:12:39,2026-04-27 10:57:36,2026-04-27 21:22:32,2026-04-30 21:22:32,2026-04-30 21:22:32,Closed,Medium,Onboarding,New starter setup,Service Desk,A. Singh,Portal,Operations,Mississauga,1,0,
INC1002653,2024-02-20 13:18:20,2024-02-20 16:05:39,2024-02-20 18:23:23,2024-02-23 18:23:23,2024-02-23 18:23:23,Closed,Medium,Onboarding,New starter setup,Service Desk,A. Singh,Portal,Engineering,Toronto,0,0,
INC1016183,2024-11-06 13:53:52,2024-11-06 14:24:13,2024-11-06 14:43:23,2024-11-09 14:43:23,2024-11-09 14:43:23,Closed,High,Printing,Printer offline,Desktop Support,K. Brown,Phone,Operations,Remote,0,0,
INC1020917,2025-02-10 13:09:49,2025-02-10 14:04:08,2025-02-11 06:48:34,2025-02-14 06:48:34,2025-02-14 06:48:34,Closed,Medium,Network & VPN,Firewall rule request,Network Operations,V. Ivanova,Phone,Finance,Remote,1,0,
INC1039761,2026-01-07 12:24:10,2026-01-07 13:10:47,2026-01-07 16:35:02,2026-01-10 16:35:02,2026-01-10 16:35:02,Closed,High,Network & VPN,Firewall rule request,Network Operations,G. Novak,Email,Customer Care,Ottawa,0,0,
INC1009875,2024-07-14 11:22:15,2024-07-14 12:34:33,2024-07-16 11:20:13,2024-07-19 11:20:13,2024-07-19 11:20:13,Closed,Low,Access & Identity,Shared drive access,Identity & Access,F. Haddad,Portal,Operations,Waterloo,3,0,
INC1012985,2024-09-11 11:13:50,2024-09-11 11:52:10,2024-09-11 14:53:42,2024-09-14 14:53:42,2024-09-14 14:53:42,Closed,High,Onboarding,New starter setup,Service Desk,M. Chen,Email,Finance,Remote,0,0,
INC1007492,2024-05-28 09:06:56,2024-05-28 14:27:59,2024-05-28 18:48:10,2024-05-31 18:48:10,2024-05-31 18:48:10,Closed,Medium,Hardware,Battery failure,Desktop Support,P. Kaur,Portal,Sales,Ottawa,1,0,
INC1014234,2024-10-01 12:20:05,2024-10-01 12:24:28,2024-10-01 13:08:51,2024-10-04 13:08:51,2024-10-04 13:08:51,Closed,Critical,Email & Collaboration,Calendar sync,Collaboration,O. Byrne,Portal,Engineering,Toronto,0,0,
INC1042741,2026-02-28 07:55:04,2026-02-28 09:18:14,2026-02-28 17:55:16,2026-03-03 17:55:16,2026-03-03 17:55:16,Closed,Medium,Software,Application crash,Desktop Support,P. Kaur,Phone,HR,Remote,0,0,
INC1031542,2025-08-24 16:12:56,2025-08-24 17:36:50,2025-08-25 20:22:22,2025-08-28 20:22:22,2025-08-28 20:22:22,Closed,Medium,Network & VPN,Firewall rule request,Network Operations,H. Silva,Chat,Finance,Remote,1,0,
INC1024571,2025-04-15 12:28:36,2025-04-15 13:32:53,2025-04-15 14:10:47,2025-04-18 14:10:47,2025-04-18 14:10:47,Closed,High,Security,Malware alert,Security Operations,Y. Tanaka,Portal,Operations,Waterloo,0,0,
INC1003448,2024-03-07 11:58:50,2024-03-07 18:03:27,2024-03-08 05:26:16,2024-03-11 05:26:16,2024-03-11 05:26:16,Closed,Low,Access & Identity,MFA enrolment,Identity & Access,F. Haddad,Portal,Operations,Toronto,0,0,
INC1041807,2026-02-11 12:02:41,2026-02-11 13:57:39,2026-02-11 19:48:08,2026-02-14 19:48:08,2026-02-14 19:48:08,Closed,Medium,Network & VPN,Wi-Fi drop-outs,Network Operations,G. Novak,Portal,Customer Care,Toronto,0,0,
INC1023754,2025-03-31 14:41:40,2025-03-31 17:14:50,2025-03-31 22:22:38,2025-04-03 22:22:38,2025-04-03 22:22:38,Closed,Medium,Email & Collaboration,Mailbox full,Collaboration,N. Farah,Portal,Sales,Remote,1,0,
INC1044909,2026-04-03 08:22:04,2026-04-03 11:16:57,2026-04-03 22:30:43,2026-04-06 22:30:43,2026-04-06 22:30:43,Closed,Low,Email & Collaboration,Calendar sync,Collaboration,N. Farah,Portal,Finance,Toronto,1,0,
INC1016268,2024-11-08 10:22:06,2024-11-08 12:38:28,2024-11-09 07:59:45,2024-11-12 07:59:45,2024-11-12 07:59:45,Closed,Low,Software,Update failure,Desktop Support,P. Kaur,Email,Marketing,Toronto,1,0,
INC1035805,2025-10-20 08:42:11,2025-10-20 08:58:16,2025-10-20 10:26:37,2025-10-23 10:26:37,2025-10-23 10:26:37,Closed,High,Access & Identity,SSO error,Identity & Access,C. Lopez,Portal,Customer Care,Toronto,0,0,
INC1030814,2025-08-09 03:42:54,2025-08-09 06:05:34,2025-08-10 06:24:11,2025-08-13 06:24:11,2025-08-13 06:24:11,Closed,Low,Software,Application crash,Desktop Support,D. Rossi,Email,Marketing,Mississauga,0,0,
INC1019846,2025-01-22 10:08:45,2025-01-22 12:13:05,2025-01-22 13:58:25,2025-01-25 13:58:25,2025-01-25 13:58:25,Closed,Medium,Email & Collaboration,Mailbox full,Collaboration,O. Byrne,Email,Finance,Toronto,0,0,
INC1006431,2024-05-05 00:23:19,2024-05-05 02:28:37,2024-05-06 05:14:41,2024-05-09 05:14:41,2024-05-09 05:14:41,Closed,Medium,Hardware,Laptop fault,Desktop Support,T. Martin,Portal,Engineering,Toronto,0,1,
INC1047142,2026-05-11 10:48:42,2026-05-11 11:03:30,2026-05-12 05:51:43,2026-05-15 05:51:43,2026-05-15 05:51:43,Closed,Medium,Access & Identity,Permission request,Identity & Access,B. Kim,Chat,Sales,Ottawa,0,1,
INC1009073,2024-06-27 10:11:29,2024-06-27 11:09:35,2024-06-28 00:52:23,2024-07-01 00:52:23,2024-07-01 00:52:23,Closed,Medium,Access & Identity,Permission request,Identity & Access,C. Lopez,Portal,HR,Toronto,1,0,
INC1035359,2025-10-11 06:19:59,2025-10-11 07:53:44,2025-10-11 10:29:31,2025-10-14 10:29:31,2025-10-14 10:29:31,Closed,Medium,Printing,Printer offline,Desktop Support,D. Rossi,Portal,Operations,Waterloo,0,0,
INC1024139,2025-04-07 13:27:50,2025-04-07 16:10:46,2025-04-08 03:54:26,2025-04-11 03:54:26,2025-04-11 03:54:26,Closed,Medium,Network & VPN,VPN will not connect,Network Operations,H. Silva,Portal,Engineering,Toronto,2,0,
INC1014788,2024-10-10 13:46:32,2024-10-10 15:08:09,2024-10-10 19:05:02,2024-10-13 19:05:02,2024-10-13 19:05:02,Closed,Medium,Hardware,Monitor / dock,Desktop Support,P. Kaur,Email,Customer Care,Remote,0,0,Awaiting parts
INC1012602,2024-09-06 08:53:04,2024-09-06 10:09:53,2024-09-07 02:39:48,2024-09-10 02:39:48,2024-09-10 02:39:48,Closed,Low,Printing,Driver install,Desktop Support,K. Brown,Portal,Customer Care,Toronto,0,0,
INC1005552,2024-04-17 12:32:01,2024-04-17 14:14:13,2024-04-17 17:53:52,2024-04-20 17:53:52,2024-04-20 17:53:52,Closed,Medium,Printing,Printer offline,Desktop Support,D. Rossi,Portal,Finance,Toronto,0,0,
INC1000305,2024-01-05 15:25:05,2024-01-05 15:48:20,2024-01-05 23:48:12,2024-01-08 23:48:12,2024-01-08 23:48:12,Closed,Medium,Email & Collaboration,Mailbox full,Collaboration,O. Byrne,Portal,Engineering,Ottawa,0,0,
INC1004207,2024-03-22 09:23:36,2024-03-22 11:29:08,2024-03-23 22:07:29,2024-03-26 22:07:29,2024-03-26 22:07:29,Closed,Low,Access & Identity,MFA enrolment,Identity & Access,F. Haddad,Email,Executive,Toronto,1,0,Awaiting manager approval
INC1042467,2026-02-24 09:44:21,2026-02-24 09:51:09,2026-02-24 10:28:53,2026-02-27 10:28:53,2026-02-27 10:28:53,Closed,High,Security,Suspicious sign-in,Security Operations,Z. Mensah,Portal,Operations,Remote,1,0,
INC1017034,2024-11-23 08:18:36,2024-11-23 09:51:59,2024-11-23 13:32:40,2024-11-26 13:32:40,2024-11-26 13:32:40,Closed,Medium,Software,Update failure,Desktop Support,D. Rossi,Portal,Finance,Toronto,0,0,
INC1002144,2024-02-09 17:53:01,2024-02-09 20:47:00,2024-02-12 07:02:50,2024-02-15 07:02:50,2024-02-15 07:02:50,Closed,Low,Software,Update failure,Desktop Support,E. Walsh,Email,Operations,Toronto,0,0,
INC1009532,2024-07-05 15:05:07,2024-07-05 15:51:47,2024-07-06 07:38:59,2024-07-09 07:38:59,2024-07-09 07:38:59,Closed,Low,Software,Install request,Desktop Support,K. Brown,Portal,Customer Care,Waterloo,0,0,Awaiting vendor patch
INC1033736,2025-09-23 11:12:01,2025-09-23 13:32:20,2025-09-23 21:00:23,2025-09-26 21:00:23,2025-09-26 21:00:23,Closed,Medium,Access & Identity,Account locked,Identity & Access,B. Kim,Chat,Finance,Waterloo,1,0,
INC1045576,2026-04-14 13:47:52,2026-04-14 14:38:00,2026-04-15 20:38:49,2026-04-18 20:38:49,2026-04-18 20:38:49,Closed,Medium,Network & VPN,Slow connection,Network Operations,V. Ivanova,Portal,Marketing,Ottawa,3,0,
INC1013078,2024-09-12 11:11:15,2024-09-12 13:18:55,2024-09-12 13:33:06,2024-09-15 13:33:06,2024-09-15 13:33:06,Closed,Medium,Onboarding,Leaver deprovisioning,Service Desk,S. Ahmed,Phone,Sales,Toronto,0,0,
INC1034428,2025-09-30 15:37:15,2025-09-30 17:03:25,2025-09-30 17:12:59,2025-10-03 17:12:59,2025-10-03 17:12:59,Closed,High,,Install request,Desktop Support,D. Rossi,Email,HR,Toronto,0,0,
INC1005489,2024-04-16 13:02:58,2024-04-16 16:30:29,2024-04-17 14:17:56,2024-04-20 14:17:56,2024-04-20 14:17:56,Closed,Low,Onboarding,New starter setup,Service Desk,S. Ahmed,Portal,Marketing,Mississauga,0,0,
INC1049962,2026-06-30 10:54:26,2026-06-30 12:03:30,2026-06-30 15:43:17,,2026-06-30 15:43:17,In Progress,Medium,Onboarding,New starter setup,Service Desk,A. Singh,Email,Executive,Ottawa,0,0,
INC1014461,2024-10-04 14:41:29,2024-10-04 15:23:47,2024-10-04 22:26:22,2024-10-07 22:26:22,2024-10-07 22:26:22,Closed,Medium,Access & Identity,SSO error,Identity & Access,C. Lopez,Chat,Customer Care,Toronto,0,0,
INC1026484,2025-05-20 12:34:50,2025-05-20 13:03:37,2025-05-20 14:22:43,2025-05-23 14:22:43,2025-05-23 14:22:43,Closed,High,Software,Licence request,Desktop Support,D. Rossi,Email,Marketing,Ottawa,0,0,
INC1014102,2024-09-28 14:48:58,2024-09-28 19:18:41,2024-09-29 06:04:02,2024-10-02 06:04:02,2024-10-02 06:04:02,Closed,Low,Hardware,Peripheral request,Desktop Support,D. Rossi,Portal,Engineering,Toronto,0,0,
INC1004309,2024-03-25 10:47:36,2024-03-25 12:18:56,2024-03-26 05:01:11,2024-03-29 05:01:11,2024-03-29 05:01:11,Closed,Medium,Onboarding,New starter setup,Service Desk,R. Patel,Email,Operations,Mississauga,0,0,
INC1034502,2025-10-01 12:37:32,2025-10-01 14:11:35,2025-10-02 00:08:19,2025-10-05 00:08:19,2025-10-05 00:08:19,Closed,Medium,Access & Identity,SSO error,Identity & Access,F. Haddad,Portal,Finance,Remote,1,0,
INC1005497,2024-04-16 13:55:42,2024-04-16 15:02:55,2024-04-17 03:48:54,2024-04-20 03:48:54,2024-04-20 03:48:54,Closed,Medium,Network & VPN,Wi-Fi drop-outs,Network Operations,V. Ivanova,Chat,Operations,Waterloo,2,0,
INC1022864,2025-03-14 07:55:59,2025-03-14 08:31:29,2025-03-14 18:45:29,2025-03-17 18:45:29,2025-03-17 18:45:29,Closed,Medium,Hardware,Battery failure,Desktop Support,D. Rossi,Portal,Operations,Mississauga,0,0,
INC1026895,2025-05-28 11:51:53,2025-05-28 13:38:43,2025-05-29 04:35:57,2025-06-01 04:35:57,2025-06-01 04:35:57,Closed,Low,Onboarding,Role change,Service Desk,R. Patel,Email,Operations,Remote,0,0,
INC1007254,2024-05-22 12:49:12,2024-05-22 17:54:06,2024-05-23 03:09:03,2024-05-26 03:09:03,2024-05-26 03:09:03,Closed,Low,Onboarding,New starter setup,Service Desk,A. Singh,Phone,Customer Care,Toronto,0,0,
INC1039916,2026-01-09 12:45:44,2026-01-09 16:09:05,2026-01-09 17:17:15,2026-01-12 17:17:15,2026-01-12 17:17:15,Closed,Medium,Software,Licence request,Desktop Support,T. Martin,Email,Engineering,Mississauga,0,0,
INC1027042,2025-05-30 11:21:07,2025-05-30 12:00:49,2025-05-30 12:05:14,2025-06-02 12:05:14,2025-06-02 12:05:14,Closed,High,Email & Collaboration,Shared mailbox access,Collaboration,N. Farah,Portal,Customer Care,Ottawa,0,0,
INC1033315,2025-09-18 06:37:26,2025-09-18 08:50:10,2025-09-18 20:47:08,2025-09-21 20:47:08,2025-09-21 20:47:08,Closed,Medium,Hardware,Peripheral request,Desktop Support,E. Walsh,Portal,HR,Toronto,0,0,
INC1030011,2025-07-24 11:38:40,2025-07-24 12:10:48,2025-07-24 15:24:58,2025-07-27 15:24:58,2025-07-27 15:24:58,Closed,Medium,Email & Collaboration,Mailbox full,Collaboration,N. Farah,Phone,Marketing,Mississauga,0,0,
INC1038309,2025-12-07 18:03:15,2025-12-07 20:30:34,2025-12-08 11:07:05,2025-12-11 11:07:05,2025-12-11 11:07:05,Closed,Medium,Hardware,Monitor / dock,Desktop Support,K. Brown,Portal,Operations,Toronto,2,0,
INC1045917,2026-04-20 11:37:13,2026-04-20 13:56:18,2026-04-20 15:21:54,2026-04-23 15:21:54,2026-04-23 15:21:54,Closed,Medium,Hardware,Peripheral request,Desktop Support,T. Martin,Portal,Sales,Toronto,0,0,
INC1029959,2025-07-23 13:59:21,2025-07-23 14:22:33,2025-07-23 14:25:08,2025-07-26 14:25:08,2025-07-26 14:25:08,Closed,High,Printing,Driver install,Desktop Support,D. Rossi,Phone,Engineering,Remote,0,0,
INC1015169,2024-10-18 09:37:07,2024-10-18 10:32:48,2024-10-19 12:08:17,2024-10-22 12:08:17,2024-10-22 12:08:17,Closed,Low,Network & VPN,Slow connection,Network Operations,V. Ivanova,Portal,HR,Remote,1,0,
INC1038763,2025-12-17 12:38:18,2025-12-17 14:34:32,2025-12-18 01:06:59,2025-12-21 01:06:59,2025-12-21 01:06:59,Closed,Medium,Network & VPN,VPN will not connect,Network Operations,H. Silva,Portal,Operations,Toronto,0,0,
INC1036897,2025-11-10 08:30:21,2025-11-10 10:19:09,2025-11-11 10:10:14,2025-11-14 10:10:14,2025-11-14 10:10:14,Closed,Low,Access & Identity,SSO error,Identity & Access,B. Kim,Portal,Customer Care,Remote,1,0,
INC1015839,2024-10-31 09:02:45,2024-10-31 12:37:10,2024-11-01 00:51:08,2024-11-04 00:51:08,2024-11-04 00:51:08,Closed,Low,Access & Identity,MFA enrolment,Identity & Access,B. Kim,Email,Customer Care,Mississauga,1,0,
INC1049910,2026-06-29 13:19:45,2026-06-29 14:46:24,,,2026-06-29 17:42:20,Resolved,Medium,Email & Collaboration,Shared mailbox access,Collaboration,N. Farah,Phone,Operations,Toronto,0,0,
INC1007604,2024-05-30 07:10:47,2024-05-30 08:20:58,2024-05-30 12:31:12,2024-06-02 12:31:12,2024-06-02 12:31:12,Closed,High,Network & VPN,Slow connection,Network Operations,H. Silva,Portal,Marketing,Waterloo,1,0,
INC1018841,2025-01-04 02:44:42,2025-01-04 04:04:17,2025-01-04 08:21:26,2025-01-07 08:21:26,2025-01-07 08:21:26,Closed,Medium,Software,Update failure,Desktop Support,P. Kaur,Chat,Operations,Mississauga,0,0,
INC1012062,2024-08-28 07:22:27,2024-08-28 10:00:22,2024-08-28 15:50:03,2024-08-31 15:50:03,2024-08-31 15:50:03,Closed,med,Hardware,Battery failure,Desktop Support,E. Walsh,Phone,Finance,Ottawa,1,0,
INC1030676,2025-08-06 13:26:06,2025-08-06 13:42:46,2025-08-06 17:38:30,2025-08-09 17:38:30,2025-08-09 17:38:30,Closed,Critical,Access & Identity,Permission request,Identity & Access,B. Kim,Chat,Sales,Toronto,0,0,Awaiting manager approval
INC1024357,2025-04-10 13:47:32,2025-04-10 15:09:46,2025-04-11 03:55:36,2025-04-14 03:55:36,2025-04-14 03:55:36,Closed,Low,Network/VPN,Site outage,Network Operations,V. Ivanova,Portal,Customer Care,Toronto,0,0,
INC1005659,2024-04-19 10:41:36,2024-04-19 18:09:08,2024-04-26 00:31:27,2024-04-29 00:31:27,2024-04-29 00:31:27,Closed,Low,Printing,Printer offline,Desktop Support,D. Rossi,Email,Finance,Waterloo,0,0,
INC1037964,2025-11-28 12:51:32,2025-11-28 14:17:41,2025-11-28 17:49:57,2025-12-01 17:49:57,2025-12-01 17:49:57,Closed,Medium,Access & Identity,MFA enrolment,Identity & Access,B. Kim,Portal,Customer Care,Toronto,1,0,
INC1047391,2026-05-14 15:48:21,2026-05-14 18:17:33,2026-06-12 10:44:51,2026-06-15 10:44:51,2026-06-15 10:44:51,Closed,Medium,Access & Identity,SSO error,Identity & Access,C. Lopez,Portal,Customer Care,Toronto,1,0,
INC1006739,2024-05-10 13:39:57,2024-05-10 17:21:02,2024-05-10 22:57:17,2024-05-13 22:57:17,2024-05-13 22:57:17,Closed,Medium,Hardware,Monitor / dock,Desktop Support,P. Kaur,Email,Sales,Waterloo,0,0,
INC1016620,2024-11-15 10:09:25,2024-11-15 12:08:34,2024-11-15 21:06:37,2024-11-18 21:06:37,2024-11-18 21:06:37,Closed,Medium,Network & VPN,Slow connection,Network Operations,V. Ivanova,Email,Executive,Ottawa,0,0,
INC1033563,2025-09-21 09:17:47,2025-09-21 12:10:56,2025-09-21 18:31:46,2025-09-24 18:31:46,2025-09-24 18:31:46,Closed,Low,Network & VPN,Firewall rule request,Network Operations,H. Silva,Email,Customer Care,Waterloo,0,0,
INC1044792,2026-04-01 10:08:52,2026-04-01 10:21:56,2026-04-01 12:20:47,2026-04-04 12:20:47,2026-04-04 12:20:47,Closed,High,Hardware,Peripheral request,Desktop Support,D. Rossi,Email,Finance,Remote,0,0,
INC1016582,2024-11-14 12:29:15,2024-11-14 13:47:30,2024-11-15 02:10:39,2024-11-18 02:10:39,2024-11-18 02:10:39,Closed,Medium,Access & Identity,MFA enrolment,Identity & Access,C. Lopez,Portal,Finance,Ottawa,0,0,Awaiting manager approval
INC1026212,2025-05-14 15:09:36,2025-05-14 15:25:23,2025-05-14 19:10:04,2025-05-17 19:10:04,2025-05-17 19:10:04,Closed,High,Hardware,Peripheral request,Desktop Support,P. Kaur,Chat,Customer Care,Remote,1,0,
INC1019891,2025-01-22 16:57:50,2025-01-22 17:58:31,2025-01-23 02:30:58,2025-01-26 02:30:58,2025-01-26 02:30:58,Closed,High,Access & Identity,Permission request,Identity & Access,B. Kim,Phone,Engineering,Toronto,2,0,
INC1019991,2025-01-24 10:25:27,2025-01-24 13:40:04,2025-01-25 03:17:59,2025-01-28 03:17:59,2025-01-28 03:17:59,Closed,Low,Onboarding,Role change,Service Desk,R. Patel,Portal,Sales,Toronto,0,0,
INC1046097,2026-04-22 16:44:12,2026-04-23 01:07:33,2026-04-23 02:03:29,2026-04-26 02:03:29,2026-04-26 02:03:29,Closed,Low,Printing,Toner / paper jam,Desktop Support,E. Walsh,Portal,Finance,Toronto,0,0,
INC1023395,2025-03-25 10:50:57,2025-03-25 13:00:14,2025-03-26 08:18:29,2025-03-29 08:18:29,2025-03-29 08:18:29,Closed,Low,Printing,Scan to email,Desktop Support,T. Martin,Portal,Operations,Mississauga,0,0,
INC1015884,2024-10-31 14:07:02,2024-10-31 14:40:26,2024-10-31 17:20:27,2024-11-03 17:20:27,2024-11-03 17:20:27,Closed,High,Email & Collaboration,Teams meeting issue,Collaboration,N. Farah,Email,Sales,Toronto,1,0,
INC1022590,2025-03-09 09:05:15,2025-03-09 09:18:41,2025-03-19 19:21:35,2025-03-22 19:21:35,2025-03-22 19:21:35,Closed,High,Security,Malware alert,Security Operations,Y. Tanaka,Portal,Finance,Mississauga,0,0,
INC1031006,2025-08-13 12:13:18,2025-08-14 08:22:50,2025-08-15 19:06:28,2025-08-18 19:06:28,2025-08-18 19:06:28,Closed,Medium,Access & Identity,Account locked,Identity & Access,F. Haddad,Portal,Sales,Mississauga,2,0,Awaiting manager approval
INC1001504,2024-01-29 13:28:15,2024-01-29 16:06:36,2024-01-29 18:56:09,2024-02-01 18:56:09,2024-02-01 18:56:09,Closed,Medium,Onboarding,New starter setup,Service Desk,M. Chen,Email,Operations,Toronto,0,0,
INC1040615,2026-01-22 06:18:52,2026-01-22 08:16:19,2026-01-22 15:37:09,2026-01-25 15:37:09,2026-01-25 15:37:09,Closed,Low,Software,Application crash,Desktop Support,E. Walsh,Portal,Operations,Toronto,0,0,
INC1023377,2025-03-25 08:46:06,2025-03-25 19:13:42,2025-03-25 20:23:26,2025-03-28 20:23:26,2025-03-28 20:23:26,Closed,Low,Hardware,Peripheral request,Desktop Support,P. Kaur,Email,Sales,Toronto,0,0,
INC1005682,2024-04-19 12:20:35,2024-04-19 15:06:25,2024-04-19 19:43:55,2024-04-22 19:43:55,2024-04-22 19:43:55,Closed,Medium,Software,Application crash,Desktop Support,D. Rossi,Chat,Sales,Waterloo,0,0,
INC1043092,2026-03-05 10:31:20,2026-03-05 14:10:31,2026-03-07 01:36:17,2026-03-10 01:36:17,2026-03-10 01:36:17,Closed,Low,Software,Licence request,Desktop Support,P. Kaur,Chat,Engineering,Toronto,0,0,Awaiting vendor patch
INC1032356,2025-09-08 10:12:00,2025-09-09 09:23:01,2025-09-10 06:08:39,2025-09-13 06:08:39,2025-09-13 06:08:39,Closed,Low,Access & Identity,SSO error,Identity & Access,F. Haddad,Portal,Finance,Toronto,2,0,
INC1000633,2024-01-12 10:47:19,2024-01-12 12:43:19,2024-01-13 00:23:50,2024-01-16 00:23:50,2024-01-16 00:23:50,Closed,Medium,Access & Identity,Permission request,Identity & Access,C. Lopez,Portal,Customer Care,Waterloo,0,1,
INC1002184,2024-02-12 04:43:32,2024-02-12 08:08:31,2024-02-12 16:46:53,2024-02-15 16:46:53,2024-02-15 16:46:53,Closed,Medium,Access & Identity,SSO error,Identity & Access,B. Kim,Chat,Sales,Waterloo,1,0,Awaiting manager approval
INC1006816,2024-05-13 12:55:31,2024-05-13 13:33:19,2024-05-13 19:09:56,2024-05-16 19:09:56,2024-05-16 19:09:56,Closed,Medium,Printing,Printer offline,Desktop Support,K. Brown,Email,Engineering,Mississauga,0,0,
INC1023091,2025-03-19 08:22:49,2025-03-19 09:13:08,2025-03-24 03:12:40,2025-03-27 03:12:40,2025-03-27 03:12:40,Closed,Low,Access & Identity,Permission request,Identity & Access,C. Lopez,Chat,Sales,Mississauga,1,0,Awaiting manager approval
INC1011115,2024-08-07 13:32:17,2024-08-07 14:41:45,2024-08-08 02:55:19,2024-08-11 02:55:19,2024-08-11 02:55:19,Closed,Medium,Software,Licence request,Desktop Support,P. Kaur,Portal,Customer Care,Mississauga,0,0,
INC1012790,2024-09-09 11:27:15,2024-09-09 19:05:31,2024-09-09 23:59:37,2024-09-12 23:59:37,2024-09-12 23:59:37,Closed,Medium,Onboarding,Leaver deprovisioning,Service Desk,S. Ahmed,Portal,Sales,Mississauga,1,0,
INC1028830,2025-07-02 13:42:57,2025-07-02 14:49:24,2025-07-04 07:16:40,2025-07-07 07:16:40,2025-07-07 07:16:40,Closed,Low,Software,Update failure,Desktop Support,K. Brown,Phone,Finance,Ottawa,0,0,
INC1048941,2026-06-11 11:44:51,2026-06-11 13:34:58,2026-06-12 04:56:43,2026-06-15 04:56:43,2026-06-15 04:56:43,Closed,Low,Software,Application crash,Desktop Support,P. Kaur,Portal,Operations,Toronto,0,0,
INC1040257,2026-01-15 11:07:29,2026-01-15 13:03:07,2026-01-18 01:12:38,2026-01-21 01:12:38,2026-01-21 01:12:38,Closed,Low,,Shared drive access,Identity & Access,B. Kim,Portal,Operations,Waterloo,1,0,Awaiting manager approval
INC1011955,2024-08-26 10:19:04,2024-08-26 11:51:24,2024-08-26 22:10:38,2024-08-29 22:10:38,2024-08-29 22:10:38,Closed,Medium,Security,Suspicious sign-in,Security Operations,Y. Tanaka,Phone,Marketing,Toronto,0,0,
INC1001775,2024-02-02 11:53:40,2024-02-02 13:04:29,2024-02-02 19:46:18,2024-02-05 19:46:18,2024-02-05 19:46:18,Closed,Medium,Access & Identity,MFA enrolment,Identity & Access,C. Lopez,Phone,Operations,Remote,2,0,
INC1018178,2024-12-20 07:45:37,2024-12-20 12:59:21,2024-12-23 12:36:08,2024-12-26 12:36:08,2024-12-26 12:36:08,Closed,Low,Hardware,Laptop fault,Desktop Support,P. Kaur,Email,Marketing,Toronto,0,1,
INC1021593,2025-02-18 08:11:00,2025-02-18 08:45:59,2025-02-18 10:08:25,2025-02-21 10:08:25,2025-02-21 10:08:25,Closed,High,Software,Licence request,Desktop Support,K. Brown,Portal,Customer Care,Ottawa,0,0,
INC1014534,2024-10-07 10:21:53,2024-10-07 15:15:24,2024-10-08 02:13:03,2024-10-11 02:13:03,2024-10-11 02:13:03,Closed,Low,Security,Suspicious sign-in,Security Operations,Z. Mensah,Chat,Finance,Ottawa,0,0,
INC1044127,2026-03-20 07:58:22,2026-03-20 08:25:09,2026-03-20 10:32:38,2026-03-23 10:32:38,2026-03-23 10:32:38,Closed,High,Outlook,Calendar sync,Collaboration,N. Farah,Email,Finance,Toronto,0,0,
INC1022951,2025-03-17 06:44:01,2025-03-17 09:53:06,2025-03-17 21:40:41,2025-03-20 21:40:41,2025-03-20 21:40:41,Closed,Low,Hardware,Peripheral request,Desktop Support,T. Martin,Email,Operations,Toronto,0,0,
INC1040502,2026-01-20 09:50:34,2026-01-20 10:54:44,2026-01-21 03:35:40,2026-01-24 03:35:40,2026-01-24 03:35:40,Closed,Low,Network & VPN,Firewall rule request,Network Operations,G. Novak,Chat,Operations,Mississauga,0,0,
INC1020359,2025-01-31 10:55:40,2025-01-31 11:02:48,2025-01-31 12:54:21,2025-02-03 12:54:21,2025-02-03 12:54:21,Closed,Critical,Network & VPN,Wi-Fi drop-outs,Network Operations,G. Novak,Email,Finance,Toronto,1,0,
INC1006798,2024-05-13 10:50:38,2024-05-13 11:56:12,2024-05-15 04:53:15,2024-05-18 04:53:15,2024-05-18 04:53:15,Closed,Medium,Software,Licence request,Desktop Support,K. Brown,Email,Finance,Toronto,1,0,
INC1009887,2024-07-15 06:04:09,2024-07-15 13:34:51,2024-07-18 08:31:27,2024-07-21 08:31:27,2024-07-21 08:31:27,Closed,Low,Email & Collaboration,Calendar sync,Collaboration,N. Farah,Phone,Customer Care,Toronto,0,0,
INC1018269,2024-12-23 08:34:10,2024-12-23 13:34:38,2024-12-23 16:10:55,2024-12-26 16:10:55,2024-12-26 16:10:55,Closed,Medium,Security,Phishing report,Security Operations,Y. Tanaka,Portal,Marketing,Mississauga,0,0,
INC1022919,2025-03-14 15:45:21,2025-03-14 19:43:29,2025-03-16 16:48:00,2025-03-19 16:48:00,2025-03-19 16:48:00,Closed,Low,Network & VPN,Slow connection,Network Operations,V. Ivanova,Phone,Operations,Toronto,0,0,
INC1042864,2026-03-02 17:23:44,2026-03-02 18:47:37,2026-03-04 03:34:01,2026-03-07 03:34:01,2026-03-07 03:34:01,Closed,Medium,Access & Identity,Permission request,Identity & Access,B. Kim,Portal,Engineering,Toronto,2,0,
INC1021059,2025-02-11 13:00:46,2025-02-11 14:48:01,2025-02-11 20:31:36,2025-02-14 20:31:36,2025-02-14 20:31:36,Closed,Medium,Onboarding,Leaver deprovisioning,Service Desk,J. Okafor,Email,Finance,Remote,0,0,
INC1041949,2026-02-13 11:23:09,2026-02-13 12:19:56,2026-02-14 00:52:10,2026-02-17 00:52:10,2026-02-17 00:52:10,Closed,Medium,Hardware,Battery failure,Desktop Support,D. Rossi,Portal,Operations,Ottawa,0,0,
INC1025601,2025-05-02 15:56:52,2025-05-02 18:47:25,2025-05-03 16:59:16,2025-05-06 16:59:16,2025-05-06 16:59:16,Closed,Low,Access & Identity,Permission request,Identity & Access,C. Lopez,Portal,Customer Care,Ottawa,0,0,Awaiting manager approval
INC1014646,2024-10-08 13:46:23,2024-10-08 14:46:32,2024-10-10 22:28:49,2024-10-13 22:28:49,2024-10-13 22:28:49,Closed,Low,Onboarding,Role change,Service Desk,R. Patel,Email,Customer Care,Ottawa,0,0,
INC1045147,2026-04-07 13:10:28,2026-04-07 19:32:38,2026-04-09 10:48:34,2026-04-12 10:48:34,2026-04-12 10:48:34,Closed,Low,Hardware,Monitor / dock,Desktop Support,K. Brown,Email,HR,Toronto,0,0,
INC1011730,2024-08-21 08:26:51,2024-08-21 08:30:52,2024-08-21 08:47:05,2024-08-24 08:47:05,2024-08-24 08:47:05,Closed,Critical,Security,Suspicious sign-in,Security Operations,Y. Tanaka,Portal,Customer Care,Toronto,0,0,
INC1016181,2024-11-06 13:41:15,2024-11-06 20:02:44,2024-11-25 20:42:06,2024-11-28 20:42:06,2024-11-28 20:42:06,Closed,Low,Email & Collaboration,Calendar sync,Collaboration,N. Farah,Portal,Executive,Ottawa,0,0,
INC1032862,2025-09-12 11:58:47,2025-09-12 12:49:52,2025-09-17 07:59:01,2025-09-20 07:59:01,2025-09-20 07:59:01,Closed,High,Hardware,Peripheral request,Desktop Support,T. Martin,Portal,Engineering,Toronto,0,0,
INC1037638,2025-11-22 08:37:13,2025-11-22 10:05:42,2025-11-23 08:01:02,2025-11-26 08:01:02,2025-11-26 08:01:02,Closed,Medium,Network & VPN,Firewall rule request,Network Operations,G. Novak,Chat,Sales,Ottawa,1,0,Awaiting carrier / vendor
INC1041899,2026-02-12 15:04:03,2026-02-12 17:16:58,2026-02-12 18:14:14,2026-02-15 18:14:14,2026-02-15 18:14:14,Closed,Medium,Access & Identity,MFA enrolment,Identity & Access,C. Lopez,Email,HR,Mississauga,1,0,
INC1021101,2025-02-11 19:10:21,2025-02-12 02:23:10,2025-02-12 12:12:43,2025-02-15 12:12:43,2025-02-15 12:12:43,Closed,Low,Email & Collaboration,Shared mailbox access,Collaboration,O. Byrne,Email,Marketing,Ottawa,0,0,
INC1007961,2024-06-05 16:30:09,2024-06-05 16:59:40,2024-06-06 13:45:49,2024-06-09 13:45:49,2024-06-09 13:45:49,Closed,Medium,Onboarding,Role change,Service Desk,M. Chen,Portal,Customer Care,Mississauga,0,0,
INC1023342,2025-03-24 12:51:35,2025-03-24 15:29:37,2025-03-24 18:34:00,2025-03-27 18:34:00,2025-03-27 18:34:00,Closed,Medium,Software,Update failure,Desktop Support,P. Kaur,Portal,Customer Care,Waterloo,0,0,
INC1016285,2024-11-08 11:44:40,2024-11-08 12:14:55,2024-11-08 22:13:23,2024-11-11 22:13:23,2024-11-11 22:13:23,Closed,Medium,Printing,Driver install,Desktop Support,D. Rossi,Portal,Operations,Mississauga,0,0,
INC1026589,2025-05-22 10:56:05,2025-05-22 14:48:59,2025-05-24 23:47:37,2025-05-27 23:47:37,2025-05-27 23:47:37,Closed,Low,Network & VPN,Firewall rule request,Network Operations,H. Silva,Email,Operations,Toronto,1,0,
INC1027261,2025-06-03 16:15:42,2025-06-03 18:47:45,2025-06-03 23:21:35,2025-06-06 23:21:35,2025-06-06 23:21:35,Closed,Medium,Software,Update failure,Desktop Support,P. Kaur,Phone,Engineering,Remote,0,0,
INC1047342,2026-05-14 10:01:19,2026-05-14 11:13:27,2026-05-14 16:46:02,2026-05-17 16:46:02,2026-05-17 16:46:02,Closed,Medium,Software,Application crash,Desktop Support,T. Martin,Chat,Operations,Toronto,2,0,
INC1020053,2025-01-25 20:58:25,2025-01-26 03:57:30,2025-01-26 13:26:31,2025-01-29 13:26:31,2025-01-29 13:26:31,Closed,Low,Onboarding,Role change,Service Desk,A. Singh,Portal,Sales,Waterloo,0,0,
INC1007360,2024-05-24 11:01:17,2024-05-24 19:23:21,2024-05-25 08:19:48,2024-05-28 08:19:48,2024-05-28 08:19:48,Closed,Low,Network & VPN,Site outage,Network Operations,G. Novak,Portal,HR,Waterloo,1,0,
INC1028793,2025-07-02 09:44:41,2025-07-02 17:20:36,2025-07-04 04:43:53,2025-07-07 04:43:53,2025-07-07 04:43:53,Closed,Low,Network & VPN,VPN will not connect,Network Operations,V. Ivanova,Email,Marketing,Toronto,0,0,
INC1031915,2025-09-01 10:12:43,2025-09-01 19:22:40,2025-09-02 17:57:31,2025-09-05 17:57:31,2025-09-05 17:57:31,Closed,Low,Software,Application crash,Desktop Support,P. Kaur,Portal,HR,Toronto,0,1,
INC1041506,2026-02-05 12:07:02,2026-02-05 12:07:43,2026-02-05 12:47:33,2026-02-08 12:47:33,2026-02-08 12:47:33,Closed,Critical,Software,Licence request,Desktop Support,K. Brown,Chat,Customer Care,Ottawa,0,0,
INC1018876,2025-01-05 09:15:11,2025-01-05 09:34:04,2025-01-05 11:27:39,2025-01-08 11:27:39,2025-01-08 11:27:39,Closed,High,Access & Identity,SSO error,Identity & Access,F. Haddad,Chat,HR,Toronto,0,0,
INC1026023,2025-05-12 09:44:46,2025-05-12 11:06:43,2025-05-12 16:24:18,2025-05-15 16:24:18,2025-05-15 16:24:18,Closed,Medium,Network & VPN,Firewall rule request,Network Operations,H. Silva,Email,Customer Care,Toronto,0,0,Awaiting carrier / vendor
INC1025732,2025-05-06 11:37:39,2025-05-06 19:22:18,2025-05-06 20:45:23,2025-05-09 20:45:23,2025-05-09 20:45:23,Closed,Low,Email & Collaboration,Teams meeting issue,Collaboration,N. Farah,Phone,Customer Care,Mississauga,0,0,
INC1038729,2025-12-16 15:59:34,2025-12-16 20:41:44,2025-12-18 10:34:40,2025-12-21 10:34:40,2025-12-21 10:34:40,Closed,Low,Hardware,Battery failure,Desktop Support,K. Brown,Portal,Sales,Remote,0,0,
INC1022565,2025-03-07 17:09:41,2025-03-07 17:44:03,2025-03-07 19:30:30,2025-03-10 19:30:30,2025-03-10 19:30:30,Closed,High,Access & Identity,Account locked,Identity & Access,B. Kim,Chat,Customer Care,Waterloo,1,0,
INC1027257,2025-06-03 14:35:37,2025-06-03 16:30:52,2025-06-04 08:51:05,2025-06-07 08:51:05,2025-06-07 08:51:05,Closed,Medium,Network & VPN,Wi-Fi drop-outs,Network Operations,H. Silva,Chat,Sales,Toronto,2,0,
INC1015007,2024-10-15 11:46:36,2024-10-15 12:27:28,2024-10-15 20:59:50,2024-10-18 20:59:50,2024-10-18 20:59:50,Closed,Medium,Hardware,Monitor / dock,Desktop Support,K. Brown,Portal,Operations,Waterloo,0,0,
INC1026004,2025-05-12 06:06:25,2025-05-12 10:42:22,2025-05-12 20:01:27,2025-05-15 20:01:27,2025-05-15 20:01:27,Closed,Medium,Onboarding,New starter setup,Service Desk,A. Singh,Phone,Operations,Toronto,1,0,
INC1024186,2025-04-08 11:45:37,2025-04-08 12:31:55,2025-04-08 21:03:08,2025-04-11 21:03:08,2025-04-11 21:03:08,Closed,Medium,Onboarding,Role change,Service Desk,L. Nguyen,Email,Sales,Mississauga,0,0,
INC1027972,2025-06-17 13:24:26,2025-06-17 14:24:20,2025-06-18 03:45:09,2025-06-21 03:45:09,2025-06-21 03:45:09,Closed,Low,Access & Identity,MFA enrolment,Identity & Access,F. Haddad,Portal,Engineering,Remote,0,0,
INC1036836,2025-11-07 13:02:42,2025-11-07 13:47:50,2025-11-07 16:59:31,2025-11-10 16:59:31,2025-11-10 16:59:31,Closed,Medium,Software,Application crash,Desktop Support,T. Martin,Portal,Executive,Toronto,0,0,
INC1048310,2026-06-01 10:14:08,2026-06-01 10:44:55,2026-06-01 10:48:20,2026-06-04 10:48:20,2026-06-04 10:48:20,Closed,High,Security,Suspicious sign-in,Security Operations,Z. Mensah,Portal,Customer Care,Waterloo,0,0,
INC1001376,2024-01-26 09:57:04,2024-01-26 14:17:28,2024-01-28 04:24:04,2024-01-31 04:24:04,2024-01-31 04:24:04,Closed,Low,SW,Licence request,Desktop Support,P. Kaur,Portal,Operations,Toronto,0,0,Awaiting vendor patch
INC1034364,2025-09-30 11:26:12,2025-09-30 11:38:31,2025-09-30 18:15:04,2025-10-03 18:15:04,2025-10-03 18:15:04,Closed,High,Email & Collaboration,Calendar sync,Collaboration,N. Farah,Phone,Customer Care,Waterloo,1,0,
INC1038161,2025-12-03 13:24:08,2025-12-03 15:40:20,2025-12-04 04:59:21,2025-12-07 04:59:21,2025-12-07 04:59:21,Closed,Low,Network & VPN,Slow connection,Network Operations,V. Ivanova,Portal,Sales,Toronto,1,0,
INC1020496,2025-02-03 14:50:12,2025-02-03 16:17:06,2025-02-04 06:43:07,2025-02-07 06:43:07,2025-02-07 06:43:07,Closed,Medium,Software,Install request,Desktop Support,D. Rossi,Chat,Marketing,Remote,0,0,
INC1006289,2024-05-01 19:22:38,2024-05-01 21:23:30,2024-05-01 21:36:56,2024-05-04 21:36:56,2024-05-04 21:36:56,Closed,Medium,Access & Identity,Permission request,Identity & Access,C. Lopez,Portal,Operations,Toronto,0,0,
INC1022160,2025-02-28 08:36:42,2025-02-28 09:07:36,2025-02-28 12:36:12,2025-03-03 12:36:12,2025-03-03 12:36:12,Closed,Medium,Printing,Driver install,Desktop Support,K. Brown,Email,Executive,Toronto,0,0,
INC1019091,2025-01-08 11:26:09,2025-01-08 16:30:51,2025-01-10 05:13:39,2025-01-13 05:13:39,2025-01-13 05:13:39,Closed,Medium,network,VPN will not connect,Network Operations,V. Ivanova,Chat,Customer Care,Toronto,4,0,
INC1004398,2024-03-26 14:46:19,2024-03-26 19:49:36,2024-03-27 13:47:37,2024-03-30 13:47:37,2024-03-30 13:47:37,Closed,Low,Software,Licence request,Desktop Support,T. Martin,Portal,Operations,Toronto,0,0,
INC1005730,2024-04-20 13:13:28,2024-04-20 21:38:32,2024-04-21 00:07:25,2024-04-24 00:07:25,2024-04-24 00:07:25,Closed,Low,Hardware,Peripheral request,Desktop Support,K. Brown,Phone,Engineering,Ottawa,1,0,
INC1003833,2024-03-15 09:47:49,2024-03-15 10:28:56,2024-03-15 14:24:38,2024-03-18 14:24:38,2024-03-18 14:24:38,Closed,Medium,Software,Update failure,Desktop Support,E. Walsh,Email,Sales,Toronto,0,0,
INC1034222,2025-09-29 10:27:36,2025-09-29 11:26:53,2025-10-01 09:38:35,2025-10-04 09:38:35,2025-10-04 09:38:35,Closed,Medium,Hardware,Monitor / dock,Desktop Support,T. Martin,Portal,Marketing,Mississauga,0,0,
INC1023065,2025-03-18 13:28:34,2025-03-18 17:33:03,2025-03-19 03:31:03,2025-03-22 03:31:03,2025-03-22 03:31:03,Closed,Medium,Onboarding,Role change,Service Desk,J. Okafor,Portal,Customer Care,Ottawa,0,0,
INC1043206,2026-03-06 11:50:34,2026-03-06 15:06:58,2026-03-09 19:09:42,2026-03-12 19:09:42,2026-03-12 19:09:42,Closed,Medium,Access & Identity,Shared drive access,Identity & Access,C. Lopez,Phone,Customer Care,Ottawa,1,0,Awaiting manager approval
INC1048832,2026-06-09 15:14:46,2026-06-09 17:33:45,2026-06-10 09:13:39,2026-06-13 09:13:39,2026-06-13 09:13:39,Closed,Low,Access & Identity,Shared drive access,Identity & Access,B. Kim,Phone,Operations,Toronto,1,0,
INC1003897,2024-03-17 01:01:24,2024-03-17 02:02:37,2024-03-18 08:26:55,2024-03-21 08:26:55,2024-03-21 08:26:55,Closed,Low,Access & Identity,Account locked,Identity & Access,B. Kim,Portal,Customer Care,Waterloo,1,0,
INC1022279,2025-03-03 10:49:49,2025-03-03 11:49:56,2025-03-03 22:20:18,2025-03-06 22:20:18,2025-03-06 22:20:18,Closed,Medium,Access & Identity,Shared drive access,Identity & Access,F. Haddad,Portal,Customer Care,Ottawa,0,0,
INC1039417,2026-01-01 13:03:23,2026-01-01 14:28:05,2026-01-02 15:21:21,2026-01-05 15:21:21,2026-01-05 15:21:21,Closed,Medium,Access & Identity,Account locked,Identity & Access,B. Kim,Portal,Operations,Toronto,0,0,Awaiting manager approval
INC1043767,2026-03-13 13:13:28,2026-03-13 15:17:06,2026-03-17 10:00:03,2026-03-20 10:00:03,2026-03-20 10:00:03,Closed,Low,Network & VPN,Site outage,Network Operations,G. Novak,Portal,Sales,Toronto,1,0,
INC1038134,2025-12-03 10:37:51,2025-12-03 11:03:16,2025-12-03 19:47:32,2025-12-06 19:47:32,2025-12-06 19:47:32,Closed,Medium,Onboarding,New starter setup,Service Desk,S. Ahmed,Phone,Executive,Toronto,0,0,
INC1042736,2026-02-28 04:30:14,2026-02-28 13:20:34,2026-02-28 23:27:21,2026-03-03 23:27:21,2026-03-03 23:27:21,Closed,Low,Hardware,Battery failure,Desktop Support,D. Rossi,Portal,Engineering,Ottawa,0,0,
INC1033324,2025-09-18 08:17:29,2025-09-18 09:25:01,2025-09-22 11:48:25,2025-09-25 11:48:25,2025-09-25 11:48:25,Closed,Medium,Onboarding,New starter setup,Service Desk,A. Singh,Portal,HR,Toronto,0,0,
INC1039911,2026-01-09 12:15:58,2026-01-09 14:28:41,2026-01-09 16:49:46,2026-01-12 16:49:46,2026-01-12 16:49:46,Closed,Medium,Hardware,Monitor / dock,Desktop Support,T. Martin,Portal,Marketing,Remote,0,0,
INC1028774,2025-07-01 15:37:44,2025-07-01 17:50:46,2025-07-02 03:49:29,2025-07-05 03:49:29,2025-07-05 03:49:29,Closed,Medium,Network & VPN,VPN will not connect,Network Operations,H. Silva,Portal,Sales,Ottawa,2,0,
INC1026697,2025-05-24 01:48:02,2025-05-24 02:07:59,2025-05-24 09:04:46,2025-05-27 09:04:46,2025-05-27 09:04:46,Closed,Medium,Email & Collaboration,Mailbox full,Collaboration,O. Byrne,Chat,Engineering,Remote,0,0,
INC1011072,2024-08-07 07:58:01,2024-08-07 15:08:06,2024-08-07 19:25:01,2024-08-10 19:25:01,2024-08-10 19:25:01,Closed,Low,Software,Update failure,Desktop Support,P. Kaur,Phone,Engineering,Waterloo,0,0,
INC1027536,2025-06-10 07:24:55,2025-06-10 13:21:06,2025-06-10 16:13:12,2025-06-13 16:13:12,2025-06-13 16:13:12,Closed,Medium,Network & VPN,Firewall rule request,Network Operations,G. Novak,Phone,Sales,Toronto,0,0,
INC1014042,2024-09-27 09:27:34,2024-09-27 13:47:03,2024-09-29 06:16:11,2024-10-02 06:16:11,2024-10-02 06:16:11,Closed,Low,Hardware,Laptop fault,Desktop Support,E. Walsh,Phone,Engineering,Ottawa,0,0,
INC1039918,2026-01-09 12:56:35,2026-01-09 15:39:44,2026-01-10 02:46:16,2026-01-13 02:46:16,2026-01-13 02:46:16,Closed,Low,Access & Identity,Shared drive access,Identity & Access,B. Kim,Phone,Customer Care,Toronto,0,0,
INC1020027,2025-01-24 13:41:20,2025-01-24 13:58:59,2025-01-24 23:37:48,2025-01-27 23:37:48,2025-01-27 23:37:48,Closed,Medium,Network & VPN,Wi-Fi drop-outs,Network Operations,V. Ivanova,Phone,Customer Care,Mississauga,0,0,
INC1014932,2024-10-14 11:02:41,2024-10-14 11:31:28,2024-10-14 13:51:50,2024-10-17 13:51:50,2024-10-17 13:51:50,Closed,Medium,Hardware,Peripheral request,Desktop Support,T. Martin,Portal,Finance,Remote,0,0,
INC1022804,2025-03-13 09:46:32,2025-03-13 10:51:41,2025-03-14 01:25:58,2025-03-17 01:25:58,2025-03-17 01:25:58,Closed,High,Network & VPN,VPN will not connect,Network Operations,V. Ivanova,Portal,Sales,Mississauga,2,0,Awaiting carrier / vendor
INC1045080,2026-04-06 14:19:54,2026-04-06 17:10:33,2026-04-06 17:29:31,2026-04-09 17:29:31,2026-04-09 17:29:31,Closed,Medium,Email & Collaboration,Calendar sync,Collaboration,N. Farah,Email,Operations,Waterloo,0,0,
INC1036842,2025-11-07 15:00:10,2025-11-07 15:12:44,2025-11-07 17:25:09,2025-11-10 17:25:09,2025-11-10 17:25:09,Closed,High,Access & Identity,Shared drive access,Identity & Access,C. Lopez,Portal,Engineering,Toronto,1,0,
INC1017520,2024-12-03 12:49:27,2024-12-03 14:06:04,2024-12-03 19:21:08,2024-12-06 19:21:08,2024-12-06 19:21:08,Closed,Medium,Hardware,Peripheral request,Desktop Support,K. Brown,Email,Marketing,Toronto,0,0,
INC1006850,2024-05-14 10:51:44,2024-05-14 14:18:54,2024-05-14 19:41:31,2024-05-17 19:41:31,2024-05-17 19:41:31,Closed,Medium,Access & Identity,Permission request,Identity & Access,C. Lopez,Portal,Marketing,Toronto,0,0,
INC1044353,2026-03-24 11:38:17,2026-03-24 16:36:29,2026-03-25 04:19:38,2026-03-28 04:19:38,2026-03-28 04:19:38,Closed,Low,Security,Suspicious sign-in,Security Operations,Y. Tanaka,Portal,Customer Care,Mississauga,0,0,
INC1032262,2025-09-05 12:29:39,2025-09-05 12:44:10,2025-09-05 16:03:02,2025-09-08 16:03:02,2025-09-08 16:03:02,Closed,High,Hardware,Monitor / dock,Desktop Support,P. Kaur,Email,Sales,Toronto,0,0,
INC1039535,2026-01-04 09:03:32,2026-01-04 11:50:51,2026-01-04 13:27:50,2026-01-07 13:27:50,2026-01-07 13:27:50,Closed,Medium,Onboarding,Leaver deprovisioning,Service Desk,M. Chen,Portal,Customer Care,Toronto,0,0,
INC1031558,2025-08-25 09:31:56,2025-08-25 10:01:19,2025-08-25 13:40:25,2025-08-28 13:40:25,2025-08-28 13:40:25,Closed,Medium,Access & Identity,Permission request,Identity & Access,B. Kim,Phone,Operations,Remote,0,0,
INC1026630,2025-05-22 16:28:25,2025-05-22 19:13:42,2025-05-23 08:04:37,2025-05-26 08:04:37,2025-05-26 08:04:37,Closed,Low,Printing,Driver install,Desktop Support,E. Walsh,Email,HR,Mississauga,0,0,
INC1020252,2025-01-29 12:27:13,2025-01-29 13:37:29,2025-01-29 16:12:50,2025-02-01 16:12:50,2025-02-01 16:12:50,Closed,Medium,Email & Collaboration,Teams meeting issue,Collaboration,N. Farah,Portal,Customer Care,Remote,0,0,
INC1047323,2026-05-14 07:41:54,2026-05-14 09:49:21,2026-05-15 12:51:45,2026-05-18 12:51:45,2026-05-18 12:51:45,Closed,Low,Software,Update failure,Desktop Support,P. Kaur,Phone,Operations,Toronto,1,0,
INC1031044,2025-08-14 08:25:14,2025-08-14 08:43:12,2025-08-14 09:57:53,2025-08-17 09:57:53,2025-08-17 09:57:53,Closed,High,Security,Malware alert,Security Operations,Y. Tanaka,Email,Operations,Waterloo,0,0,
INC1043440,2026-03-10 11:02:38,2026-03-10 11:37:29,2026-03-10 13:34:17,2026-03-13 13:34:17,2026-03-13 13:34:17,Closed,High,Software,Application crash,Desktop Support,P. Kaur,Portal,HR,Waterloo,0,0,
INC1000020,2024-01-01 11:26:33,2024-01-01 14:34:57,2024-01-02 06:06:54,2024-01-05 06:06:54,2024-01-05 06:06:54,Closed,Medium,Network & VPN,Wi-Fi drop-outs,Network Operations,H. Silva,Portal,Operations,Waterloo,2,0,
INC1021306,2025-02-13 13:19:28,2025-02-13 15:13:14,2025-02-13 18:54:28,2025-02-16 18:54:28,2025-02-16 18:54:28,Closed,Medium,Email & Collaboration,Teams meeting issue,Collaboration,N. Farah,Portal,Customer Care,Toronto,0,0,
INC1024988,2025-04-22 13:36:31,2025-04-22 21:51:22,2025-04-23 06:44:45,2025-04-26 06:44:45,2025-04-26 06:44:45,Closed,Medium,Onboarding,Leaver deprovisioning,Service Desk,S. Ahmed,Email,Engineering,Waterloo,1,0,
INC1005991,2024-04-25 13:18:23,2024-04-25 13:29:32,2024-04-25 18:30:15,2024-04-28 18:30:15,2024-04-28 18:30:15,Closed,High,Security,Lost device,Security Operations,Y. Tanaka,Email,Operations,Waterloo,0,0,
INC1034639,2025-10-02 15:36:31,2025-10-02 20:58:13,2025-10-04 08:32:26,2025-10-07 08:32:26,2025-10-07 08:32:26,Closed,Low,Hardware,Laptop fault,Desktop Support,D. Rossi,Portal,Operations,Ottawa,0,0,
INC1049847,2026-06-28 08:05:37,2026-06-28 08:43:08,2026-06-28 13:05:11,,2026-06-28 13:05:11,In Progress,High,Access & Identity,Account locked,Identity & Access,C. Lopez,Portal,Sales,Mississauga,2,0,
INC1032371,2025-09-08 11:05:05,2025-09-08 13:24:00,2025-09-08 21:04:04,2025-09-11 21:04:04,2025-09-11 21:04:04,Closed,Medium,Software,Application crash,Desktop Support,E. Walsh,Portal,Customer Care,Toronto,0,0,
INC1009175,2024-06-28 14:46:42,2024-06-28 16:57:19,2024-06-30 16:27:41,2024-07-03 16:27:41,2024-07-03 16:27:41,Closed,Low,Access & Identity,Shared drive access,Identity & Access,C. Lopez,Email,Operations,Toronto,1,0,Awaiting manager approval
INC1021302,2025-02-13 12:59:27,2025-02-13 16:44:10,2025-02-13 18:44:11,2025-02-16 18:44:11,2025-02-16 18:44:11,Closed,Medium,Identity/Access,Account locked,Identity & Access,B. Kim,Chat,Sales,Toronto,0,0,
INC1016609,2024-11-15 09:13:49,2024-11-15 16:39:51,2024-11-16 04:36:18,2024-11-19 04:36:18,2024-11-19 04:36:18,Closed,Medium,Network & VPN,Slow connection,Network Operations,H. Silva,Email,Customer Care,Toronto,1,0,
INC1012731,2024-09-08 20:05:19,2024-09-08 20:16:02,2024-09-08 22:29:11,2024-09-11 22:29:11,2024-09-11 22:29:11,Closed,High,Access & Identity,MFA enrolment,Identity & Access,F. Haddad,Email,Sales,Toronto,0,0,
INC1031082,2025-08-14 13:59:05,2025-08-14 14:28:34,2025-08-14 14:31:51,2025-08-17 14:31:51,2025-08-17 14:31:51,Closed,Critical,Network & VPN,Wi-Fi drop-outs,Network Operations,G. Novak,Portal,Executive,Toronto,0,0,
INC1013902,2024-09-25 10:56:18,2024-09-25 13:06:27,2024-09-25 22:31:50,2024-09-28 22:31:50,2024-09-28 22:31:50,Closed,Medium,Access & Identity,Permission request,Identity & Access,B. Kim,Phone,Engineering,Remote,3,0,
INC1024201,2025-04-08 13:03:37,2025-04-08 17:43:23,2025-04-08 19:09:48,2025-04-11 19:09:48,2025-04-11 19:09:48,Closed,Medium,Onboarding,Role change,Service Desk,A. Singh,Email,Sales,Waterloo,0,0,
INC1006723,2024-05-10 11:59:31,2024-05-10 13:48:52,2024-05-12 02:08:29,2024-05-15 02:08:29,2024-05-15 02:08:29,Closed,Medium,Access & Identity,SSO error,Identity & Access,F. Haddad,Portal,Finance,Remote,1,0,Awaiting manager approval
INC1007804,2024-06-03 10:50:20,2024-06-03 10:51:58,2024-06-03 12:25:16,2024-06-06 12:25:16,2024-06-06 12:25:16,Closed,Critical,Security,Lost device,Security Operations,Z. Mensah,Phone,Operations,Toronto,0,0,Awaiting user
INC1032522,2025-09-09 12:27:21,2025-09-09 14:15:02,2025-09-09 17:27:55,2025-09-12 17:27:55,2025-09-12 17:27:55,Closed,Medium,Software,Update failure,Desktop Support,E. Walsh,Portal,Finance,Toronto,0,0,
INC1036064,2025-10-24 06:37:44,2025-10-24 07:43:48,2025-10-24 07:51:08,2025-10-27 07:51:08,2025-10-27 07:51:08,Closed,Medium,Email & Collaboration,Mailbox full,Collaboration,O. Byrne,Portal,Engineering,Waterloo,0,0,
INC1047913,2026-05-25 08:55:18,2026-05-25 09:39:19,2026-05-25 14:02:03,2026-05-28 14:02:03,2026-05-28 14:02:03,Closed,Medium,Software,Application crash,Desktop Support,K. Brown,Chat,Finance,Toronto,0,0,
INC1030366,2025-07-31 10:17:41,2025-07-31 15:38:22,2025-08-01 14:38:53,2025-08-04 14:38:53,2025-08-04 14:38:53,Closed,Low,Software,Licence request,Desktop Support,P. Kaur,Portal,Marketing,Waterloo,0,0,
INC1037478,2025-11-20 07:20:07,2025-11-20 08:11:17,2025-11-20 08:56:51,2025-11-23 08:56:51,2025-11-23 08:56:51,Closed,High,Printing,Driver install,Desktop Support,P. Kaur,Portal,Engineering,Toronto,0,0,
INC1007532,2024-05-28 13:49:25,2024-05-28 16:07:49,2024-05-30 01:56:18,2024-06-02 01:56:18,2024-06-02 01:56:18,Closed,Low,Onboarding,New starter setup,Service Desk,L. Nguyen,Portal,HR,Waterloo,2,0,
INC1006251,2024-05-01 11:18:10,2024-05-01 15:09:41,2024-05-03 02:23:01,2024-05-06 02:23:01,2024-05-06 02:23:01,Closed,Low,Software,Licence request,Desktop Support,E. Walsh,Email,Customer Care,Ottawa,1,0,
INC1002227,2024-02-12 14:06:44,2024-02-12 15:10:41,2024-02-13 16:29:32,2024-02-16 16:29:32,2024-02-16 16:29:32,Closed,Medium,Onboarding,Leaver deprovisioning,Service Desk,L. Nguyen,Portal,Finance,Toronto,1,0,
INC1023818,2025-04-01 13:58:04,2025-04-01 14:10:50,2025-04-01 16:06:41,2025-04-04 16:06:41,2025-04-04 16:06:41,Closed,High,Hardware,Laptop fault,Desktop Support,T. Martin,Phone,Engineering,Ottawa,0,0,
INC1008856,2024-06-24 08:56:56,2024-06-24 09:56:59,2024-06-24 13:54:45,2024-06-27 13:54:45,2024-06-27 13:54:45,Closed,Medium,Printing,Printer offline,Desktop Support,K. Brown,Email,Executive,Mississauga,0,0,
INC1039680,2026-01-06 13:27:31,2026-01-06 19:13:07,2026-01-09 15:02:29,2026-01-12 15:02:29,2026-01-12 15:02:29,Closed,Low,Access & Identity,Account locked,Identity & Access,C. Lopez,Portal,Operations,Toronto,2,0,
INC1029179,2025-07-09 10:16:15,2025-07-09 11:22:10,2025-07-09 23:58:33,2025-07-12 23:58:33,2025-07-12 23:58:33,Closed,Medium,Onboarding,Leaver deprovisioning,Service Desk,L. Nguyen,Portal,Sales,Ottawa,0,0,
INC1023927,2025-04-03 11:12:40,2025-04-03 13:34:10,2025-04-04 05:08:53,2025-04-07 05:08:53,2025-04-07 05:08:53,Closed,Medium,Access & Identity,SSO error,Identity & Access,F. Haddad,Phone,Operations,Mississauga,0,0,
INC1045664,2026-04-15 15:46:12,2026-04-15 19:46:14,2026-04-15 20:12:55,2026-04-18 20:12:55,2026-04-18 20:12:55,Closed,Medium,SW,Application crash,Desktop Support,E. Walsh,Email,Finance,Mississauga,0,0,
INC1018208,2024-12-20 12:53:51,2024-12-20 16:27:20,2024-12-20 19:07:50,2024-12-23 19:07:50,2024-12-23 19:07:50,Closed,Low,Printing,Driver install,Desktop Support,K. Brown,Chat,Executive,Toronto,0,0,
INC1037988,2025-11-28 16:05:49,2025-11-28 19:17:54,2025-11-29 10:22:51,2025-12-02 10:22:51,2025-12-02 10:22:51,Closed,Low,Printing,Scan to email,Desktop Support,T. Martin,Portal,Engineering,Ottawa,1,0,
INC1027219,2025-06-03 11:26:12,2025-06-03 14:16:52,2025-06-06 03:23:51,2025-06-09 03:23:51,2025-06-09 03:23:51,Closed,Medium,Network & VPN,Site outage,Network Operations,H. Silva,Chat,Operations,Ottawa,2,0,
INC1018629,2025-01-01 09:10:53,2025-01-01 14:08:38,2025-01-05 04:57:21,2025-01-08 04:57:21,2025-01-08 04:57:21,Closed,Low,Access & Identity,Permission request,Identity & Access,B. Kim,Email,Operations,Toronto,0,0,
INC1013496,2024-09-18 11:24:06,2024-09-18 14:17:37,2024-09-18 21:04:35,2024-09-21 21:04:35,2024-09-21 21:04:35,Closed,Medium,Onboarding,Leaver deprovisioning,Service Desk,L. Nguyen,Portal,Engineering,Remote,0,0,
INC1033060,2025-09-16 06:24:46,2025-09-16 09:46:00,2025-09-16 10:08:21,2025-09-19 10:08:21,2025-09-19 10:08:21,Closed,Medium,Printing,Printer offline,Desktop Support,P. Kaur,Portal,Engineering,Waterloo,0,0,
INC1017483,2024-12-03 08:18:49,2024-12-03 08:42:39,2024-12-04 03:17:54,2024-12-07 03:17:54,2024-12-07 03:17:54,Closed,Medium,Access & Identity,Permission request,Identity & Access,F. Haddad,Email,Sales,Mississauga,3,0,
INC1035705,2025-10-17 09:49:40,2025-10-17 09:56:13,2025-10-17 11:32:53,2025-10-20 11:32:53,2025-10-20 11:32:53,Closed,High,Security,Lost device,Security Operations,Z. Mensah,Portal,Engineering,Remote,0,1,
INC1014941,2024-10-14 12:13:34,2024-10-14 12:57:09,2024-10-15 07:24:29,2024-10-18 07:24:29,2024-10-18 07:24:29,Closed,Medium,Access & Identity,Permission request,Identity & Access,C. Lopez,Email,Operations,Mississauga,1,0,
INC1038731,2025-12-17 06:45:16,2025-12-17 07:21:00,2025-12-17 14:52:36,2025-12-20 14:52:36,2025-12-20 14:52:36,Closed,Medium,Network & VPN,Firewall rule request,Network Operations,V. Ivanova,Email,Executive,Waterloo,0,0,
INC1046258,2026-04-25 15:49:05,2026-04-25 15:54:58,2026-04-25 17:20:01,2026-04-28 17:20:01,2026-04-28 17:20:01,Closed,High,Email & Collaboration,Mailbox full,Collaboration,N. Farah,Portal,Sales,Toronto,0,0,
INC1049008,2026-06-12 12:31:22,2026-06-12 19:55:15,,,2026-06-12 13:16:22,In Progress,Low,Hardware,Laptop fault,Desktop Support,D. Rossi,Portal,Sales,Mississauga,0,0,
INC1043098,2026-03-05 11:02:20,2026-03-05 12:21:16,2026-03-05 22:10:31,2026-03-08 22:10:31,2026-03-08 22:10:31,Closed,Medium,Software,Application crash,Desktop Support,E. Walsh,Email,Engineering,Mississauga,0,0,
INC1042438,2026-02-23 11:50:54,2026-02-23 12:51:25,2026-02-23 22:47:18,2026-02-26 22:47:18,2026-02-26 22:47:18,Closed,Medium,Email & Collaboration,Teams meeting issue,Collaboration,N. Farah,Portal,Sales,Toronto,0,0,
INC1022852,2025-03-13 15:28:07,2025-03-13 18:08:39,2025-03-15 23:52:37,2025-03-18 23:52:37,2025-03-18 23:52:37,Closed,Low,Software,Install request,Desktop Support,P. Kaur,Phone,Sales,Waterloo,0,0,
INC1019393,2025-01-14 11:38:39,2025-01-14 23:06:25,2025-01-15 11:08:33,2025-01-18 11:08:33,2025-01-18 11:08:33,Closed,Low,Access & Identity,Permission request,Identity & Access,F. Haddad,Chat,Executive,Ottawa,1,0,
INC1033583,2025-09-22 09:02:29,2025-09-22 10:22:32,2025-09-24 06:25:43,2025-09-27 06:25:43,2025-09-27 06:25:43,Closed,Low,Hardware,Monitor / dock,Desktop Support,D. Rossi,Portal,Sales,Toronto,0,0,
INC1032679,2025-09-11 07:29:46,2025-09-11 10:10:44,2025-09-11 22:08:59,2025-09-14 22:08:59,2025-09-14 22:08:59,Closed,Low,Software,Licence request,Desktop Support,K. Brown,Chat,Operations,Ottawa,0,0,
INC1045540,2026-04-14 10:00:38,2026-04-14 15:43:55,2026-04-14 23:26:38,2026-04-17 23:26:38,2026-04-17 23:26:38,Closed,Low,Software,Install request,Desktop Support,E. Walsh,Portal,Operations,Remote,0,0,
INC1028298,2025-06-24 08:42:04,2025-06-24 10:59:24,2025-06-25 13:56:31,2025-06-28 13:56:31,2025-06-28 13:56:31,Closed,Low,Printing,Printer offline,Desktop Support,P. Kaur,Portal,Marketing,Toronto,0,0,
INC1026575,2025-05-22 09:23:32,2025-05-22 11:22:15,2025-05-23 00:23:07,2025-05-26 00:23:07,2025-05-26 00:23:07,Closed,Medium,New Starter,Leaver deprovisioning,Service Desk,R. Patel,Chat,Sales,Toronto,1,0,
INC1046615,2026-05-01 09:34:56,2026-05-01 10:18:16,2026-05-01 14:08:41,2026-05-04 14:08:41,2026-05-04 14:08:41,Closed,Medium,Access & Identity,Account locked,Identity & Access,C. Lopez,Portal,Operations,Mississauga,0,0,
INC1042478,2026-02-24 11:16:36,2026-02-24 14:57:44,2026-02-25 06:56:36,2026-02-28 06:56:36,2026-02-28 06:56:36,Closed,Low,Onboarding,New starter setup,Service Desk,M. Chen,Portal,Customer Care,Mississauga,1,0,
INC1036830,2025-11-07 12:04:45,2025-11-07 12:46:27,2025-11-07 19:30:00,2025-11-10 19:30:00,2025-11-10 19:30:00,Closed,Medium,Software,Licence request,Desktop Support,D. Rossi,Portal,Sales,Waterloo,0,0,
INC1012484,2024-09-04 14:48:04,2024-09-04 15:45:51,2024-09-04 19:10:34,2024-09-07 19:10:34,2024-09-07 19:10:34,Closed,Medium,Onboarding,New starter setup,Service Desk,J. Okafor,Portal,Sales,Toronto,0,0,
INC1010659,2024-07-29 15:30:17,2024-07-29 18:37:08,2024-07-30 07:45:31,2024-08-02 07:45:31,2024-08-02 07:45:31,Closed,Medium,Network & VPN,VPN will not connect,Network Operations,V. Ivanova,Email,Customer Care,Ottawa,2,0,
INC1029208,2025-07-09 13:02:07,2025-07-09 13:34:33,2025-07-09 18:11:02,2025-07-12 18:11:02,2025-07-12 18:11:02,Closed,High,Network & VPN,Firewall rule request,Network Operations,H. Silva,Email,Sales,Waterloo,1,0,
INC1031593,2025-08-25 13:00:32,2025-08-25 14:32:49,2025-08-25 20:25:14,2025-08-28 20:25:14,2025-08-28 20:25:14,Closed,Medium,Hardware,Monitor / dock,Desktop Support,P. Kaur,Portal,Customer Care,Waterloo,0,0,
INC1022226,2025-03-01 21:23:24,2025-03-01 23:55:34,2025-03-02 05:45:26,2025-03-05 05:45:26,2025-03-05 05:45:26,Closed,Low,onboarding,Leaver deprovisioning,Service Desk,A. Singh,Phone,Engineering,Mississauga,0,0,
INC1026718,2025-05-25 02:00:15,2025-05-25 02:20:44,2025-05-25 11:21:59,2025-05-28 11:21:59,2025-05-28 11:21:59,Closed,Medium,Software,Licence request,Desktop Support,E. Walsh,Portal,Sales,Ottawa,0,0,Awaiting vendor patch
INC1017855,2024-12-11 13:15:39,2024-12-11 16:15:56,2024-12-12 03:17:46,2024-12-15 03:17:46,2024-12-15 03:17:46,Closed,Low,Email & Collaboration,Teams meeting issue,Collaboration,O. Byrne,Phone,Operations,Waterloo,0,0,
INC1002462,2024-02-16 08:04:05,2024-02-16 09:03:44,2024-02-16 10:57:49,2024-02-19 10:57:49,2024-02-19 10:57:49,Closed,High,Access & Identity,MFA enrolment,Identity & Access,B. Kim,Phone,Engineering,Ottawa,0,0,
INC1040098,2026-01-13 10:49:50,2026-01-13 14:48:48,2026-01-14 09:08:41,2026-01-17 09:08:41,2026-01-17 09:08:41,Closed,Low,Software,Update failure,Desktop Support,T. Martin,Email,Customer Care,Toronto,0,0,
INC1047751,2026-05-21 12:03:15,2026-05-21 15:57:21,2026-05-21 22:27:05,2026-05-24 22:27:05,2026-05-24 22:27:05,Closed,Medium,Onboarding,Leaver deprovisioning,Service Desk,S. Ahmed,Phone,Marketing,Ottawa,2,0,
INC1003127,2024-02-29 13:10:04,2024-02-29 15:16:13,2024-02-29 15:30:14,2024-03-03 15:30:14,2024-03-03 15:30:14,Closed,Medium,Printing,Scan to email,Desktop Support,P. Kaur,Portal,Operations,Waterloo,0,0,
INC1014999,2024-10-15 11:02:32,2024-10-15 12:10:26,2024-10-15 18:04:01,2024-10-18 18:04:01,2024-10-18 18:04:01,Closed,Medium,Software,Install request,Desktop Support,E. Walsh,Chat,Operations,Toronto,0,0,
INC1028324,2025-06-24 10:51:32,2025-06-24 15:09:56,2025-06-24 16:39:47,2025-06-27 16:39:47,2025-06-27 16:39:47,Closed,Medium,Email & Collaboration,Calendar sync,Collaboration,N. Farah,Email,Marketing,Toronto,1,0,
INC1028557,2025-06-27 11:34:56,2025-06-27 16:55:22,2025-06-27 19:26:56,2025-06-30 19:26:56,2025-06-30 19:26:56,Closed,Low,Email & Collaboration,Teams meeting issue,Collaboration,N. Farah,Portal,Customer Care,Toronto,0,0,
INC1027205,2025-06-03 10:17:48,2025-06-03 11:11:19,2025-06-03 23:00:43,2025-06-06 23:00:43,2025-06-06 23:00:43,Closed,Medium,access,SSO error,Identity & Access,C. Lopez,Portal,Executive,Ottawa,1,0,
INC1015353,2024-10-22 08:13:54,2024-10-22 08:14:54,2024-10-22 09:33:57,2024-10-25 09:33:57,2024-10-25 09:33:57,Closed,Critical,Software,Install request,Desktop Support,E. Walsh,Email,Sales,Ottawa,0,0,
INC1039772,2026-01-07 13:20:09,2026-01-07 21:44:02,2026-01-09 05:49:12,2026-01-12 05:49:12,2026-01-12 05:49:12,Closed,Medium,Access & Identity,SSO error,Identity & Access,C. Lopez,Email,Marketing,Toronto,1,0,
INC1025418,2025-04-30 09:52:36,2025-04-30 11:22:49,2025-05-02 05:05:50,2025-05-05 05:05:50,2025-05-05 05:05:50,Closed,Low,Hardware,Peripheral request,Desktop Support,D. Rossi,Phone,Executive,Ottawa,0,0,
INC1020412,2025-01-31 16:00:09,2025-01-31 21:18:06,2025-02-01 13:43:44,2025-02-04 13:43:44,2025-02-04 13:43:44,Closed,Low,Network & VPN,VPN will not connect,Network Operations,H. Silva,Portal,Engineering,Ottawa,1,0,
INC1041983,2026-02-14 01:07:24,2026-02-14 03:45:34,2026-02-15 05:47:25,2026-02-18 05:47:25,2026-02-18 05:47:25,Closed,Low,Software,Licence request,Desktop Support,P. Kaur,Chat,Operations,Mississauga,0,0,Awaiting vendor patch
INC1046862,2026-05-06 10:18:47,2026-05-06 11:58:42,2026-05-07 15:04:37,2026-05-10 15:04:37,2026-05-10 15:04:37,Closed,Medium,Network & VPN,Site outage,Network Operations,V. Ivanova,Portal,Engineering,Ottawa,1,0,
INC1045124,2026-04-07 11:04:03,2026-04-07 12:21:28,2026-04-07 20:22:19,2026-04-10 20:22:19,2026-04-10 20:22:19,Closed,Medium,Software,Licence request,Desktop Support,T. Martin,Portal,Engineering,Remote,0,0,
INC1044729,2026-03-31 11:25:09,2026-03-31 11:50:51,2026-03-31 12:18:22,2026-04-03 12:18:22,2026-04-03 12:18:22,Closed,High,Software,Install request,Desktop Support,K. Brown,Portal,Customer Care,Toronto,0,0,
INC1008324,2024-06-12 16:08:32,2024-06-12 20:21:31,2024-06-13 17:42:49,2024-06-16 17:42:49,2024-06-16 17:42:49,Closed,Low,Printing,Printer offline,Desktop Support,K. Brown,Portal,Marketing,Mississauga,1,0,
INC1026528,2025-05-21 10:51:42,2025-05-21 11:20:49,2025-05-25 11:26:47,2025-05-28 11:26:47,2025-05-28 11:26:47,Closed,Medium,Printing,Scan to email,Desktop Support,E. Walsh,Portal,Finance,Toronto,1,0,
INC1038199,2025-12-04 10:48:05,2025-12-04 12:15:17,2025-12-04 14:13:46,2025-12-07 14:13:46,2025-12-07 14:13:46,Closed,High,Security,Phishing report,Security Operations,Z. Mensah,Phone,Operations,Remote,2,0,
INC1039725,2026-01-07 10:05:57,2026-01-07 12:01:43,2026-01-07 20:40:43,2026-01-10 20:40:43,2026-01-10 20:40:43,Closed,Medium,Access & Identity,MFA enrolment,Identity & Access,F. Haddad,Phone,Sales,Toronto,2,0,
INC1041003,2026-01-28 10:31:54,2026-01-28 11:24:36,2026-01-29 06:22:31,2026-02-01 06:22:31,2026-02-01 06:22:31,Closed,Medium,Access & Identity,Permission request,Identity & Access,B. Kim,Portal,Operations,Toronto,1,0,Awaiting manager approval
INC1044470,2026-03-26 10:15:32,2026-03-26 12:25:43,2026-03-26 17:34:51,2026-03-29 17:34:51,2026-03-29 17:34:51,Closed,Medium,Email & Collaboration,Shared mailbox access,Collaboration,N. Farah,Chat,Executive,Toronto,0,0,
INC1042701,2026-02-27 11:47:32,2026-02-27 13:43:29,2026-02-28 01:05:10,2026-03-03 01:05:10,2026-03-03 01:05:10,Closed,Low,Onboarding,Role change,Service Desk,L. Nguyen,Email,Operations,Mississauga,0,0,
INC1012646,2024-09-06 12:20:21,2024-09-06 14:49:23,2024-09-07 00:56:08,2024-09-10 00:56:08,2024-09-10 00:56:08,Closed,Medium,Email & Collaboration,Shared mailbox access,Collaboration,N. Farah,Portal,HR,Waterloo,1,0,
INC1048660,2026-06-06 12:57:26,2026-06-06 14:24:02,2026-06-08 08:38:59,2026-06-11 08:38:59,2026-06-11 08:38:59,Closed,Medium,Access & Identity,SSO error,Identity & Access,B. Kim,Email,Engineering,Mississauga,0,0,Awaiting manager approval
INC1048579,2026-06-05 09:47:12,2026-06-05 10:05:13,2026-06-05 12:36:47,2026-06-08 12:36:47,2026-06-08 12:36:47,Closed,High,Access & Identity,MFA enrolment,Identity & Access,B. Kim,Portal,Marketing,Waterloo,0,1,
INC1042130,2026-02-17 12:52:25,2026-02-17 13:26:08,2026-02-17 13:59:37,2026-02-20 13:59:37,2026-02-20 13:59:37,Closed,High,Email & Collaboration,Shared mailbox access,Collaboration,N. Farah,Portal,Marketing,Mississauga,0,0,
INC1026211,2025-05-14 14:47:56,2025-05-14 14:50:36,2025-05-14 15:03:29,2025-05-17 15:03:29,2025-05-17 15:03:29,Closed,Critical,hardware ,Battery failure,Desktop Support,K. Brown,Portal,Customer Care,Waterloo,0,0,
INC1035050,2025-10-08 10:13:08,2025-10-08 11:09:22,2025-10-08 16:02:12,2025-10-11 16:02:12,2025-10-11 16:02:12,Closed,Medium,Hardware,Battery failure,Desktop Support,P. Kaur,Portal,Customer Care,Toronto,1,0,
INC1023918,2025-04-03 09:58:53,2025-04-03 13:35:59,2025-04-04 20:53:18,2025-04-07 20:53:18,2025-04-07 20:53:18,Closed,Low,Hardware,Battery failure,Desktop Support,E. Walsh,Phone,Finance,Toronto,0,0,
INC1030435,2025-08-01 10:34:24,2025-08-01 14:30:51,2025-08-01 21:02:25,2025-08-04 21:02:25,2025-08-04 21:02:25,Closed,Medium,Software,Licence request,Desktop Support,K. Brown,Email,Operations,Toronto,0,0,
INC1034090,2025-09-26 11:25:04,2025-09-26 12:51:12,2025-09-26 17:31:32,2025-09-29 17:31:32,2025-09-29 17:31:32,Closed,High,Hardware,Battery failure,Desktop Support,T. Martin,Phone,Marketing,Ottawa,0,0,
INC1007050,2024-05-18 11:56:47,2024-05-18 16:13:28,2024-05-20 05:14:18,2024-05-23 05:14:18,2024-05-23 05:14:18,Closed,Low,Email & Collaboration,Mailbox full,Collaboration,N. Farah,Portal,Marketing,Mississauga,1,0,
INC1019145,2025-01-09 10:25:03,2025-01-09 10:48:28,2025-01-09 13:08:25,2025-01-12 13:08:25,2025-01-12 13:08:25,Closed,High,Email & Collaboration,Mailbox full,Collaboration,N. Farah,Phone,Customer Care,Waterloo,0,0,
INC1036050,2025-10-23 13:59:05,2025-10-23 14:09:28,2025-10-23 20:15:49,2025-10-26 20:15:49,2025-10-26 20:15:49,Closed,High,Email & Collaboration,Teams meeting issue,Collaboration,N. Farah,Portal,Customer Care,Ottawa,1,0,
INC1026206,2025-05-14 14:01:59,2025-05-14 14:17:12,2025-05-14 16:33:41,2025-05-17 16:33:41,2025-05-17 16:33:41,Closed,Critical,Network & VPN,Site outage,Network Operations,H. Silva,Portal,Customer Care,Toronto,0,0,Awaiting carrier / vendor
INC1005880,2024-04-23 16:02:51,2024-04-24 00:43:51,2024-04-25 06:25:48,2024-04-28 06:25:48,2024-04-28 06:25:48,Closed,Low,Printing,Driver install,Desktop Support,P. Kaur,Email,Sales,Toronto,0,0,
INC1008227,2024-06-11 09:40:39,2024-06-11 12:29:02,2024-06-12 15:22:45,2024-06-15 15:22:45,2024-06-15 15:22:45,Closed,Low,Software,Install request,Desktop Support,P. Kaur,Portal,Customer Care,Waterloo,1,0,
INC1018589,2024-12-31 10:20:50,2024-12-31 11:14:39,2024-12-31 13:26:13,2025-01-03 13:26:13,2025-01-03 13:26:13,Closed,High,Network & VPN,VPN will not connect,Network Operations,G. Novak,Phone,Operations,Mississauga,1,0,
INC1007793,2024-06-03 09:58:31,2024-06-03 18:57:44,2024-06-04 05:50:40,2024-06-07 05:50:40,2024-06-07 05:50:40,Closed,Low,Network & VPN,Wi-Fi drop-outs,Network Operations,V. Ivanova,Portal,Operations,Remote,0,0,
INC1003868,2024-03-15 13:41:19,2024-03-15 19:14:22,2024-03-15 22:10:51,2024-03-18 22:10:51,2024-03-18 22:10:51,Closed,Low,Printing,Scan to email,Desktop Support,D. Rossi,Portal,Sales,Remote,0,0,
INC1003200,2024-03-02 00:41:06,2024-03-02 01:39:05,2024-03-03 07:29:23,2024-03-06 07:29:23,2024-03-06 07:29:23,Closed,Low,Software,Update failure,Desktop Support,D. Rossi,Portal,Finance,Toronto,1,0,
INC1011118,2024-08-07 14:07:38,2024-08-07 16:45:19,2024-08-10 10:52:10,2024-08-13 10:52:10,2024-08-13 10:52:10,Closed,Medium,Network & VPN,Wi-Fi drop-outs,Network Operations,V. Ivanova,Phone,Engineering,Waterloo,1,0,Awaiting carrier / vendor
INC1019656,2025-01-19 08:58:13,2025-01-19 16:39:58,2025-01-20 09:54:55,2025-01-23 09:54:55,2025-01-23 09:54:55,Closed,Low,Hardware,Battery failure,Desktop Support,T. Martin,Portal,Executive,Waterloo,0,0,
INC1015022,2024-10-15 13:03:20,2024-10-15 14:03:15,2024-10-16 06:55:17,2024-10-19 06:55:17,2024-10-19 06:55:17,Closed,Medium,Network & VPN,Firewall rule request,Network Operations,V. Ivanova,Phone,Customer Care,Waterloo,2,0,
INC1023319,2025-03-24 10:14:07,2025-03-24 10:34:47,2025-03-24 13:53:44,2025-03-27 13:53:44,2025-03-27 13:53:44,Closed,High,Hardware,Laptop fault,Desktop Support,P. Kaur,Portal,Sales,Waterloo,1,0,
INC1020812,2025-02-09 00:37:29,2025-02-09 03:36:07,2025-02-10 05:27:35,2025-02-13 05:27:35,2025-02-13 05:27:35,Closed,Low,Access & Identity,MFA enrolment,Identity & Access,F. Haddad,Email,Engineering,Toronto,3,0,
INC1042172,2026-02-18 09:25:32,2026-02-18 12:48:52,2026-02-19 02:17:55,2026-02-22 02:17:55,2026-02-22 02:17:55,Closed,Low,Onboarding,Role change,Service Desk,M. Chen,Portal,Operations,Toronto,2,0,
INC1037982,2025-11-28 15:04:08,2025-11-28 16:31:12,2025-11-29 05:23:40,2025-12-02 05:23:40,2025-12-02 05:23:40,Closed,Medium,Hardware,Battery failure,Desktop Support,P. Kaur,Portal,Executive,Waterloo,0,0,
INC1026554,2025-05-21 13:55:22,2025-05-21 14:56:56,2025-05-21 20:14:29,2025-05-24 20:14:29,2025-05-24 20:14:29,Closed,Medium,Hardware,Monitor / dock,Desktop Support,P. Kaur,Email,Sales,Toronto,0,0,
INC1005870,2024-04-23 14:45:34,2024-04-23 16:13:19,2024-04-23 18:25:59,2024-04-26 18:25:59,2024-04-26 18:25:59,Closed,Medium,Hardware,Laptop fault,Desktop Support,E. Walsh,Email,Operations,Toronto,1,0,
INC1025344,2025-04-29 05:37:27,2025-04-29 08:28:35,2025-04-29 08:50:23,2025-05-02 08:50:23,2025-05-02 08:50:23,Closed,Medium,Email & Collaboration,Shared mailbox access,Collaboration,O. Byrne,Portal,Customer Care,Mississauga,0,0,
INC1031440,2025-08-21 14:12:28,2025-08-21 15:32:31,2025-08-21 23:20:08,2025-08-24 23:20:08,2025-08-24 23:20:08,Closed,Medium,Hardware,Battery failure,Desktop Support,E. Walsh,Portal,Marketing,Ottawa,0,0,
INC1001203,2024-01-23 14:59:37,2024-01-23 15:58:34,2024-01-25 17:55:03,2024-01-28 17:55:03,2024-01-28 17:55:03,Closed,Low,Software,Update failure,Desktop Support,E. Walsh,Email,Operations,Toronto,0,0,
INC1022885,2025-03-14 10:48:03,2025-03-14 17:12:19,2025-03-16 14:31:58,2025-03-19 14:31:58,2025-03-19 14:31:58,Closed,Low,Printing,Printer offline,Desktop Support,E. Walsh,Email,Engineering,Waterloo,0,0,
INC1008033,2024-06-06 15:02:59,2024-06-06 15:41:01,2024-06-06 23:29:11,2024-06-09 23:29:11,2024-06-09 23:29:11,Closed,High,Software,Install request,Desktop Support,P. Kaur,Chat,Engineering,Toronto,0,0,Awaiting vendor patch
INC1021404,2025-02-14 11:25:25,2025-02-14 12:06:25,2025-02-14 13:31:13,2025-02-17 13:31:13,2025-02-17 13:31:13,Closed,High,Network & VPN,Wi-Fi drop-outs,Network Operations,V. Ivanova,Portal,Sales,Waterloo,0,0,
INC1038331,2025-12-08 10:02:33,2025-12-08 11:53:56,2025-12-09 02:06:39,2025-12-12 02:06:39,2025-12-12 02:06:39,Closed,Medium,Software,Application crash,Desktop Support,K. Brown,Portal,Marketing,Mississauga,0,0,
INC1030535,2025-08-04 12:39:03,2025-08-04 19:21:46,2025-08-05 10:14:31,2025-08-08 10:14:31,2025-08-08 10:14:31,Closed,Low,Printing,Toner / paper jam,Desktop Support,P. Kaur,Portal,Customer Care,Ottawa,0,0,
INC1048080,2026-05-27 13:03:21,2026-05-27 16:05:11,2026-06-12 05:56:43,2026-06-15 05:56:43,2026-06-15 05:56:43,Closed,Medium,Access & Identity,SSO error,Identity & Access,C. Lopez,Portal,Customer Care,Toronto,0,0,
INC1003898,2024-03-17 03:54:01,2024-03-17 04:00:32,2024-03-17 06:16:59,2024-03-20 06:16:59,2024-03-20 06:16:59,Closed,Critical,Access & Identity,Permission request,Identity & Access,B. Kim,Chat,Operations,Toronto,3,0,
INC1039203,2025-12-28 14:35:27,2025-12-28 16:56:24,2025-12-28 17:12:04,2025-12-31 17:12:04,2025-12-31 17:12:04,Closed,Medium,Software,Application crash,Desktop Support,K. Brown,Portal,Sales,Mississauga,0,0,
INC1005318,2024-04-12 11:49:20,2024-04-12 13:15:15,2024-04-12 18:02:58,2024-04-15 18:02:58,2024-04-15 18:02:58,Closed,Medium,Email & Collaboration,Mailbox full,Collaboration,O. Byrne,Email,Engineering,Mississauga,0,0,
INC1047693,2026-05-20 12:35:02,2026-05-20 13:15:00,2026-05-20 15:21:49,2026-05-23 15:21:49,2026-05-23 15:21:49,Closed,Medium,Software,Install request,Desktop Support,K. Brown,Chat,Finance,Toronto,0,0,
INC1043006,2026-03-04 10:19:09,2026-03-04 10:58:02,2026-03-04 12:01:13,2026-03-07 12:01:13,2026-03-07 12:01:13,Closed,High,Network & VPN,Wi-Fi drop-outs,Network Operations,H. Silva,Email,Finance,Toronto,0,0,
INC1003195,2024-03-01 14:31:31,2024-03-01 16:03:48,2024-03-01 21:20:57,2024-03-04 21:20:57,2024-03-04 21:20:57,Closed,Medium,Email & Collaboration,Teams meeting issue,Collaboration,O. Byrne,Portal,HR,Waterloo,1,0,
INC1038185,2025-12-04 09:08:04,2025-12-04 10:22:25,2025-12-05 12:53:33,2025-12-08 12:53:33,2025-12-08 12:53:33,Closed,Low,Software,Update failure,Desktop Support,T. Martin,Portal,Sales,Waterloo,0,0,
INC1027330,2025-06-05 09:19:30,2025-06-05 09:27:05,2025-06-05 10:24:27,2025-06-08 10:24:27,2025-06-08 10:24:27,Closed,Critical,Network & VPN,Slow connection,Network Operations,H. Silva,Phone,Engineering,Mississauga,0,0,
INC1032931,2025-09-13 23:55:40,2025-09-14 02:13:14,2025-09-14 18:14:59,2025-09-17 18:14:59,2025-09-17 18:14:59,Closed,Medium,Email & Collaboration,Mailbox full,Collaboration,N. Farah,Phone,Sales,Mississauga,0,0,
INC1029999,2025-07-24 10:26:29,2025-07-24 14:19:57,2025-07-25 00:32:13,2025-07-28 00:32:13,2025-07-28 00:32:13,Closed,Medium,Email & Collaboration,Teams meeting issue,Collaboration,N. Farah,Email,HR,Ottawa,0,0,
INC1027211,2025-06-03 10:52:07,2025-06-03 11:29:37,2025-06-03 20:31:48,2025-06-06 20:31:48,2025-06-06 20:31:48,Closed,Medium,Hardware,Laptop fault,Desktop Support,E. Walsh,Chat,Customer Care,Waterloo,0,0,
INC1038542,2025-12-12 10:36:46,2025-12-12 15:24:42,2025-12-13 05:51:17,2025-12-16 05:51:17,2025-12-16 05:51:17,Closed,Low,Software,Update failure,Desktop Support,K. Brown,Chat,Customer Care,Toronto,0,0,
INC1036212,2025-10-27 16:09:53,2025-10-27 17:25:42,2025-10-28 10:48:01,2025-10-31 10:48:01,2025-10-31 10:48:01,Closed,Low,Software,Update failure,Desktop Support,K. Brown,Chat,Finance,Ottawa,0,0,
INC1038239,2025-12-05 07:22:24,2025-12-05 09:17:20,2025-12-05 16:58:07,2025-12-08 16:58:07,2025-12-08 16:58:07,Closed,Medium,Hardware,Battery failure,Desktop Support,P. Kaur,Phone,Sales,Waterloo,0,0,
INC1046788,2026-05-05 10:37:51,2026-05-05 14:01:14,2026-05-05 19:15:55,2026-05-08 19:15:55,2026-05-08 19:15:55,Closed,Low,Hardware,Laptop fault,Desktop Support,K. Brown,Portal,Sales,Toronto,0,0,
INC1032817,2025-09-12 08:59:18,2025-09-12 11:04:37,2025-09-13 00:34:49,2025-09-16 00:34:49,2025-09-16 00:34:49,Closed,Medium,Onboarding,New starter setup,Service Desk,A. Singh,Phone,Finance,Toronto,1,0,
INC1040089,2026-01-13 10:12:58,2026-01-13 11:30:35,2026-01-14 09:26:27,2026-01-17 09:26:27,2026-01-17 09:26:27,Closed,Medium,Onboarding,New starter setup,Service Desk,A. Singh,Portal,Finance,Waterloo,0,0,
INC1010550,2024-07-26 13:45:15,2024-07-26 15:38:01,2024-07-27 01:38:50,2024-07-30 01:38:50,2024-07-30 01:38:50,Closed,Medium,Access & Identity,MFA enrolment,Identity & Access,B. Kim,Phone,Sales,Mississauga,0,0,
INC1003855,2024-03-15 12:08:05,2024-03-15 12:25:49,2024-03-15 17:50:55,2024-03-18 17:50:55,2024-03-18 17:50:55,Closed,High,Access & Identity,Permission request,Identity & Access,F. Haddad,Email,Operations,Toronto,0,0,
INC1047758,2026-05-21 12:27:41,2026-05-21 20:02:49,2026-05-21 20:53:23,2026-05-24 20:53:23,2026-05-24 20:53:23,Closed,Low,Hardware,Battery failure,Desktop Support,P. Kaur,Phone,Customer Care,Mississauga,0,0,
INC1004050,2024-03-20 08:43:07,2024-03-20 12:49:25,2024-03-20 14:38:38,2024-03-23 14:38:38,2024-03-23 14:38:38,Closed,Medium,Software,Install request,Desktop Support,P. Kaur,Email,Operations,Toronto,1,0,
INC1007832,2024-06-03 12:52:19,2024-06-03 14:33:59,2024-06-04 01:02:06,2024-06-07 01:02:06,2024-06-07 01:02:06,Closed,Medium,Onboarding,Role change,Service Desk,J. Okafor,Email,Engineering,Toronto,0,0,
INC1040861,2026-01-26 11:56:11,2026-01-26 13:03:25,2026-01-27 00:24:22,2026-01-30 00:24:22,2026-01-30 00:24:22,Closed,Medium,Access & Identity,SSO error,Identity & Access,C. Lopez,Portal,Executive,Toronto,0,0,Awaiting manager approval
INC1037594,2025-11-21 11:21:09,2025-11-21 18:27:43,2025-11-21 19:15:07,2025-11-24 19:15:07,2025-11-24 19:15:07,Closed,Low,Onboarding,New starter setup,Service Desk,L. Nguyen,Phone,Engineering,Mississauga,0,0,
INC1041045,2026-01-28 13:54:39,2026-01-28 16:48:41,2026-01-29 15:17:07,2026-02-01 15:17:07,2026-02-01 15:17:07,Closed,Low,Network & VPN,Wi-Fi drop-outs,Network Operations,G. Novak,Portal,Marketing,Waterloo,1,0,
INC1008173,2024-06-10 11:25:03,2024-06-10 14:58:43,2024-06-11 22:08:07,2024-06-14 22:08:07,2024-06-14 22:08:07,Closed,Low,Security,Phishing report,Security Operations,Z. Mensah,Portal,Engineering,Remote,1,0,
INC1020896,2025-02-10 11:46:11,2025-02-10 18:09:17,2025-02-10 23:41:53,2025-02-13 23:41:53,2025-02-13 23:41:53,Closed,Low,Printing,Scan to email,Desktop Support,E. Walsh,Phone,Operations,Mississauga,0,0,
INC1017315,2024-11-28 14:08:40,2024-11-28 14:25:53,2024-11-29 09:24:34,2024-12-02 09:24:34,2024-12-02 09:24:34,Closed,Medium,Software,Application crash,Desktop Support,T. Martin,Portal,Executive,Toronto,0,0,
INC1031261,2025-08-19 08:14:59,2025-08-19 09:33:03,2025-08-20 08:38:10,2025-08-23 08:38:10,2025-08-23 08:38:10,Closed,Low,Hardware,Laptop fault,Desktop Support,P. Kaur,Email,Customer Care,Toronto,0,0,
INC1026051,2025-05-12 12:44:22,2025-05-12 18:02:20,2025-05-13 17:02:14,2025-05-16 17:02:14,2025-05-16 17:02:14,Closed,Low,Access & Identity,Account locked,Identity & Access,C. Lopez,Chat,Operations,Waterloo,0,0,
INC1037566,2025-11-21 08:44:10,2025-11-21 09:07:11,2025-11-21 12:02:04,2025-11-24 12:02:04,2025-11-24 12:02:04,Closed,High,Email & Collaboration,Shared mailbox access,Collaboration,O. Byrne,Email,Operations,Remote,1,0,
INC1004646,2024-04-01 10:19:51,2024-04-01 10:25:56,2024-04-01 11:13:53,2024-04-04 11:13:53,2024-04-04 11:13:53,Closed,Critical,Security,Malware alert,Security Operations,Z. Mensah,Email,Customer Care,Toronto,1,0,
INC1035660,2025-10-16 11:30:02,2025-10-16 12:36:53,2025-10-17 02:56:09,2025-10-20 02:56:09,2025-10-20 02:56:09,Closed,Medium,Network & VPN,Slow connection,Network Operations,G. Novak,Portal,Customer Care,Remote,2,0,
INC1037907,2025-11-27 13:33:21,2025-11-27 16:51:04,2025-11-27 19:15:36,2025-11-30 19:15:36,2025-11-30 19:15:36,Closed,Medium,Software,Install request,Desktop Support,K. Brown,Phone,Sales,Mississauga,0,0,
INC1037737,2025-11-25 08:32:13,2025-11-25 13:10:43,2025-11-26 17:43:32,2025-11-29 17:43:32,2025-11-29 17:43:32,Closed,Low,Email & Collaboration,Mailbox full,Collaboration,O. Byrne,Portal,Engineering,Toronto,1,0,
INC1012215,2024-08-31 01:34:30,2024-08-31 01:37:14,2024-08-31 02:59:44,2024-09-03 02:59:44,2024-09-03 02:59:44,Closed,Critical,Security,Malware alert,Security Operations,Y. Tanaka,Portal,Marketing,Toronto,0,0,Awaiting user
INC1019379,2025-01-14 10:00:43,2025-01-14 11:23:21,2025-01-14 11:33:39,2025-01-17 11:33:39,2025-01-17 11:33:39,Closed,High,Access & Identity,SSO error,Identity & Access,F. Haddad,Portal,Engineering,Mississauga,1,0,
INC1005626,2024-04-18 14:05:17,2024-04-18 20:26:35,2024-04-18 23:06:59,2024-04-21 23:06:59,2024-04-21 23:06:59,Closed,Medium,Software,Licence request,Desktop Support,P. Kaur,Email,Executive,Toronto,0,0,
INC1000835,2024-01-17 06:20:44,2024-01-17 07:48:22,2024-01-17 16:32:12,2024-01-20 16:32:12,2024-01-20 16:32:12,Closed,Medium,Hardware,Battery failure,Desktop Support,D. Rossi,Email,Customer Care,Ottawa,1,0,
INC1003935,2024-03-18 10:33:41,2024-03-18 11:06:01,2024-03-18 19:26:50,2024-03-21 19:26:50,2024-03-21 19:26:50,Closed,Medium,Software,Update failure,Desktop Support,T. Martin,Portal,Sales,Toronto,0,0,
INC1020380,2025-01-31 11:59:38,2025-01-31 16:11:47,2025-02-01 19:04:54,2025-02-04 19:04:54,2025-02-04 19:04:54,Closed,Low,Hardware,Battery failure,Desktop Support,K. Brown,Phone,HR,Waterloo,0,0,
INC1000531,2024-01-10 12:57:49,2024-01-10 22:50:23,2024-01-19 17:56:35,2024-01-22 17:56:35,2024-01-22 17:56:35,Closed,Low,Software,Update failure,Desktop Support,D. Rossi,Portal,Customer Care,Waterloo,0,0,
INC1038741,2025-12-17 09:22:39,2025-12-17 10:53:20,2025-12-19 12:15:46,2025-12-22 12:15:46,2025-12-22 12:15:46,Closed,Medium,Network & VPN,Firewall rule request,Network Operations,H. Silva,Email,Customer Care,Toronto,0,0,Awaiting carrier / vendor
INC1034201,2025-09-29 09:10:09,2025-09-29 10:32:32,2025-09-29 19:46:30,2025-10-02 19:46:30,2025-10-02 19:46:30,Closed,Medium,Software,Licence request,Desktop Support,K. Brown,Portal,Sales,Ottawa,1,1,
INC1001495,2024-01-29 12:43:09,2024-01-29 14:39:13,2024-01-29 15:07:52,2024-02-01 15:07:52,2024-02-01 15:07:52,Closed,Medium,Printing,Scan to email,Desktop Support,P. Kaur,Portal,Customer Care,Remote,0,0,
INC1047434,2026-05-15 12:16:46,2026-05-15 13:36:15,2026-05-15 20:13:23,2026-05-18 20:13:23,2026-05-18 20:13:23,Closed,Medium,Network & VPN,Wi-Fi drop-outs,Network Operations,G. Novak,Portal,Engineering,Remote,1,0,
INC1028816,2025-07-02 12:01:07,2025-07-02 17:45:05,2025-07-03 13:33:33,2025-07-06 13:33:33,2025-07-06 13:33:33,Closed,Medium,Network & VPN,Wi-Fi drop-outs,Network Operations,H. Silva,Email,Operations,Waterloo,0,1,Awaiting carrier / vendor
INC1041474,2026-02-05 08:17:42,2026-02-05 08:36:03,2026-02-05 10:38:30,2026-02-08 10:38:30,2026-02-08 10:38:30,Closed,High,Network & VPN,Firewall rule request,Network Operations,H. Silva,Email,Operations,Toronto,1,0,
INC1016026,2024-11-04 11:04:24,2024-11-04 11:32:08,2024-11-04 13:01:46,2024-11-07 13:01:46,2024-11-07 13:01:46,Closed,High,Email & Collaboration,Calendar sync,Collaboration,O. Byrne,Phone,Sales,Toronto,1,0,
INC1007328,2024-05-23 15:20:18,2024-05-23 19:37:43,2024-05-24 20:35:52,2024-05-27 20:35:52,2024-05-27 20:35:52,Closed,Medium,Hardware,Laptop fault,Desktop Support,T. Martin,Email,Customer Care,Toronto,0,0,Awaiting parts
INC1011312,2024-08-12 13:12:09,2024-08-12 14:03:04,2024-08-13 16:54:14,2024-08-16 16:54:14,2024-08-16 16:54:14,Closed,Low,Software,Licence request,Desktop Support,T. Martin,Email,Customer Care,Waterloo,1,0,
INC1038016,2025-11-30 07:59:58,2025-11-30 08:24:58,2025-11-30 09:23:06,2025-12-03 09:23:06,2025-12-03 09:23:06,Closed,High,Email & Collaboration,Mailbox full,Collaboration,N. Farah,Portal,Operations,Remote,0,0,
INC1036921,2025-11-10 11:21:37,2025-11-10 12:30:20,2025-11-10 20:07:11,2025-11-13 20:07:11,2025-11-13 20:07:11,Closed,Medium,Software,Update failure,Desktop Support,D. Rossi,Portal,Operations,Toronto,1,0,
INC1009081,2024-06-27 11:00:12,2024-06-27 13:11:14,2024-06-27 20:15:20,2024-06-30 20:15:20,2024-06-30 20:15:20,Closed,Medium,Onboarding,New starter setup,Service Desk,J. Okafor,Portal,Sales,Ottawa,0,0,
INC1015588,2024-10-25 13:08:45,2024-10-25 14:46:56,2024-10-25 23:21:21,2024-10-28 23:21:21,2024-10-28 23:21:21,Closed,Low,Software,Licence request,Desktop Support,E. Walsh,Chat,Marketing,Mississauga,2,0,
INC1041171,2026-01-30 10:36:54,2026-01-30 11:12:41,2026-01-30 14:10:31,2026-02-02 14:10:31,2026-02-02 14:10:31,Closed,High,Access & Identity,Permission request,Identity & Access,C. Lopez,Portal,Engineering,Waterloo,1,0,
INC1018481,2024-12-27 12:52:21,2024-12-27 12:59:49,2024-12-27 13:11:02,2024-12-30 13:11:02,2024-12-30 13:11:02,Closed,Critical,Email & Collaboration,Shared mailbox access,Collaboration,N. Farah,Phone,Operations,Toronto,0,0,
INC1023479,2025-03-26 12:25:25,2025-03-26 14:42:09,2025-03-26 14:57:20,2025-03-29 14:57:20,2025-03-29 14:57:20,Closed,Medium,Email & Collaboration,Mailbox full,Collaboration,O. Byrne,Portal,Sales,Ottawa,0,0,
INC1048021,2026-05-26 13:07:38,2026-05-26 18:16:06,2026-05-26 18:50:23,2026-05-29 18:50:23,2026-05-29 18:50:23,Closed,Low,Email,Calendar sync,Collaboration,O. Byrne,Portal,Customer Care,Remote,0,0,
INC1007497,2024-05-28 09:41:45,2024-05-28 13:01:06,2024-05-28 18:31:08,2024-05-31 18:31:08,2024-05-31 18:31:08,Closed,Medium,Onboarding,Role change,Service Desk,S. Ahmed,Chat,HR,Remote,2,0,
INC1003150,2024-03-01 09:29:46,2024-03-01 10:10:38,2024-03-02 10:53:13,2024-03-05 10:53:13,2024-03-05 10:53:13,Closed,Medium,Network & VPN,VPN will not connect,Network Operations,V. Ivanova,Email,HR,Mississauga,2,0,
INC1042866,2026-03-03 05:45:07,2026-03-03 11:59:13,2026-03-04 00:18:20,2026-03-07 00:18:20,2026-03-07 00:18:20,Closed,Low,Access & Identity,SSO error,Identity & Access,B. Kim,Portal,Customer Care,Toronto,0,0,
INC1042140,2026-02-17 14:13:00,2026-02-17 15:45:18,2026-02-17 23:24:36,2026-02-20 23:24:36,2026-02-20 23:24:36,Closed,Medium,Hardware,Battery failure,Desktop Support,D. Rossi,Portal,Sales,Ottawa,0,0,
INC1003670,2024-03-12 13:23:39,2024-03-12 16:06:20,2024-03-14 09:48:10,2024-03-17 09:48:10,2024-03-17 09:48:10,Closed,Low,Network & VPN,Wi-Fi drop-outs,Network Operations,H. Silva,Email,Engineering,Toronto,2,0,
INC1040798,2026-01-25 15:01:26,2026-01-25 15:34:26,2026-01-25 17:49:22,2026-01-28 17:49:22,2026-01-28 17:49:22,Closed,Medium,Network & VPN,VPN will not connect,Network Operations,H. Silva,Portal,Finance,Toronto,0,0,
INC1002655,2024-02-20 14:07:42,2024-02-20 19:47:45,2024-02-23 06:12:13,2024-02-26 06:12:13,2024-02-26 06:12:13,Closed,Low,Access & Identity,MFA enrolment,Identity & Access,B. Kim,Email,Engineering,Toronto,1,0,Awaiting manager approval
INC1030412,2025-07-31 17:27:48,2025-07-31 20:18:58,2025-08-01 00:53:45,2025-08-04 00:53:45,2025-08-04 00:53:45,Closed,Medium,Software,Application crash,Desktop Support,P. Kaur,Email,Sales,Waterloo,1,0,
INC1025852,2025-05-08 08:07:50,2025-05-08 14:50:22,2025-05-11 22:16:25,2025-05-14 22:16:25,2025-05-14 22:16:25,Closed,Low,Access & Identity,MFA enrolment,Identity & Access,C. Lopez,Phone,Finance,Mississauga,3,0,
INC1018574,2024-12-31 06:40:37,2024-12-31 06:59:43,2024-12-31 14:11:45,2025-01-03 14:11:45,2025-01-03 14:11:45,Closed,High,Network & VPN,Wi-Fi drop-outs,Network Operations,H. Silva,Portal,Engineering,Mississauga,1,0,Awaiting carrier / vendor
INC1018211,2024-12-20 13:10:28,2024-12-20 14:28:21,2024-12-20 20:42:20,2024-12-23 20:42:20,2024-12-23 20:42:20,Closed,Medium,Email & Collaboration,Mailbox full,Collaboration,N. Farah,Portal,Executive,Toronto,0,0,
INC1043966,2026-03-17 14:22:28,2026-03-17 16:44:20,2026-03-18 09:48:44,2026-03-21 09:48:44,2026-03-21 09:48:44,Closed,Low,Hardware,Laptop fault,Desktop Support,T. Martin,Email,Customer Care,Mississauga,0,0,
INC1012750,2024-09-09 08:22:36,2024-09-09 11:06:30,2024-09-10 10:59:44,2024-09-13 10:59:44,2024-09-13 10:59:44,Closed,Low,Access & Identity,Account locked,Identity & Access,B. Kim,Portal,Executive,Toronto,0,0,
INC1009918,2024-07-15 11:24:00,2024-07-15 11:38:58,2024-07-15 20:55:53,2024-07-18 20:55:53,2024-07-18 20:55:53,Closed,High,Network & VPN,Wi-Fi drop-outs,Network Operations,V. Ivanova,Phone,Operations,Waterloo,1,0,Awaiting carrier / vendor
INC1036046,2025-10-23 13:08:57,2025-10-23 17:13:31,2025-10-24 17:49:41,2025-10-27 17:49:41,2025-10-27 17:49:41,Closed,Low,Software,Update failure,Desktop Support,D. Rossi,Chat,Sales,Toronto,0,0,
INC1035572,2025-10-15 11:04:09,2025-10-15 11:36:07,2025-10-15 13:22:38,2025-10-18 13:22:38,2025-10-18 13:22:38,Closed,High,,Leaver deprovisioning,Service Desk,M. Chen,Portal,Operations,Remote,0,0,
INC1034233,2025-09-29 11:19:33,2025-09-29 20:30:13,2025-09-30 10:59:14,2025-10-03 10:59:14,2025-10-03 10:59:14,Closed,Low,Software,Application crash,Desktop Support,E. Walsh,Portal,Finance,Toronto,0,0,
INC1006721,2024-05-10 11:54:08,2024-05-10 16:00:03,2024-05-11 23:40:55,2024-05-14 23:40:55,2024-05-14 23:40:55,Closed,Low,Software,Licence request,Desktop Support,T. Martin,Portal,Marketing,Toronto,0,0,
INC1046505,2026-04-29 13:38:43,2026-04-29 16:19:46,2026-04-29 18:01:56,2026-05-02 18:01:56,2026-05-02 18:01:56,Closed,Low,Printing,Driver install,Desktop Support,D. Rossi,Phone,Customer Care,Toronto,0,0,
INC1004756,2024-04-03 06:27:06,2024-04-03 09:04:35,2024-04-03 15:11:05,2024-04-06 15:11:05,2024-04-06 15:11:05,Closed,Medium,Hardware,Peripheral request,Desktop Support,K. Brown,Phone,Marketing,Waterloo,0,0,
INC1001460,2024-01-29 09:16:16,2024-01-29 13:24:29,2024-01-30 03:12:11,2024-02-02 03:12:11,2024-02-02 03:12:11,Closed,Medium,Security,Suspicious sign-in,Security Operations,Z. Mensah,Portal,Marketing,Ottawa,0,0,
INC1034202,2025-09-29 09:11:29,2025-09-29 11:21:47,2025-09-29 13:15:52,2025-10-02 13:15:52,2025-10-02 13:15:52,Closed,Medium,Software,Licence request,Desktop Support,K. Brown,Chat,Operations,Mississauga,0,0,
INC1033510,2025-09-19 13:30:53,2025-09-19 15:49:24,2025-09-20 02:03:55,2025-09-23 02:03:55,2025-09-23 02:03:55,Closed,Medium,Network & VPN,Firewall rule request,,V. Ivanova,Portal,Marketing,Toronto,2,0,
INC1037505,2025-11-20 11:27:00,2025-11-20 12:49:49,2025-11-22 16:07:24,2025-11-25 16:07:24,2025-11-25 16:07:24,Closed,Low,Access & Identity,SSO error,Identity & Access,C. Lopez,Portal,Customer Care,Remote,0,0,Awaiting manager approval
INC1042212,2026-02-18 13:00:52,2026-02-18 23:13:43,2026-02-19 00:21:49,2026-02-22 00:21:49,2026-02-22 00:21:49,Closed,Low,Software,Update failure,Desktop Support,K. Brown,Portal,Operations,Toronto,0,0,
INC1005788,2024-04-22 12:54:45,2024-04-22 14:41:56,2024-04-22 15:46:45,2024-04-25 15:46:45,2024-04-25 15:46:45,Closed,Medium,Software,Application crash,Desktop Support,P. Kaur,Portal,Sales,Toronto,1,0,
INC1046346,2026-04-27 13:41:14,2026-04-27 15:47:59,2026-04-28 03:28:06,2026-05-01 03:28:06,2026-05-01 03:28:06,Closed,Medium,Software,Install request,Desktop Support,K. Brown,Portal,Engineering,Waterloo,0,0,Awaiting vendor patch
INC1031508,2025-08-22 14:03:57,2025-08-22 17:36:06,2025-08-23 11:41:23,2025-08-26 11:41:23,2025-08-26 11:41:23,Closed,Low,Printing,Toner / paper jam,Desktop Support,D. Rossi,Phone,Sales,Remote,0,0,
INC1019434,2025-01-15 11:24:23,2025-01-15 17:24:08,2025-01-15 18:04:07,2025-01-18 18:04:07,2025-01-18 18:04:07,Closed,Medium,Email & Collaboration,Shared mailbox access,Collaboration,N. Farah,Email,Executive,Toronto,0,0,
INC1038984,2025-12-23 07:29:51,2025-12-23 11:35:16,2025-12-23 12:14:07,2025-12-26 12:14:07,2025-12-26 12:14:07,Closed,Medium,Software,Update failure,Desktop Support,K. Brown,Portal,Customer Care,Mississauga,0,0,
INC1036460,2025-10-31 12:26:58,2025-10-31 14:19:11,2025-10-31 16:12:51,2025-11-03 16:12:51,2025-11-03 16:12:51,Closed,High,Network & VPN,VPN will not connect,Network Operations,H. Silva,Portal,Customer Care,Mississauga,0,0,
INC1004099,2024-03-20 13:51:21,2024-03-20 14:26:15,2024-05-03 23:47:46,2024-05-06 23:47:46,2024-05-06 23:47:46,Closed,High,Security,Lost device,Security Operations,Z. Mensah,Phone,Customer Care,Waterloo,0,0,
INC1006478,2024-05-06 12:28:33,2024-05-06 14:49:47,2024-05-06 17:49:00,2024-05-09 17:49:00,2024-05-09 17:49:00,Closed,Medium,Email & Collaboration,Shared mailbox access,Collaboration,O. Byrne,Email,Customer Care,Mississauga,0,0,
INC1029540,2025-07-16 10:15:16,2025-07-17 00:17:15,2025-07-17 04:07:04,2025-07-20 04:07:04,2025-07-20 04:07:04,Closed,Low,Software,Application crash,Desktop Support,E. Walsh,Email,Executive,Remote,0,0,
INC1003057,2024-02-28 12:42:01,2024-02-28 19:57:04,2024-02-28 20:45:24,2024-03-02 20:45:24,2024-03-02 20:45:24,Closed,Medium,InfoSec,Phishing report,Security Operations,Z. Mensah,Email,Sales,Ottawa,0,0,
INC1011103,2024-08-07 11:55:15,2024-08-07 18:11:21,2024-08-07 21:27:20,2024-08-10 21:27:20,2024-08-10 21:27:20,Closed,Medium,Network & VPN,Firewall rule request,Network Operations,V. Ivanova,Portal,Customer Care,Waterloo,0,0,
INC1049359,2026-06-18 16:05:07,2026-06-18 18:40:10,2026-06-18 19:34:24,2026-06-21 19:34:24,2026-06-21 19:34:24,Closed,Medium,Software,Application crash,Desktop Support,D. Rossi,Portal,Operations,Toronto,0,0,
INC1049792,2026-06-26 11:50:18,2026-06-26 15:16:45,2026-06-27 02:00:52,2026-06-30 02:00:52,2026-06-30 02:00:52,Closed,Low,Hardware,Battery failure,Desktop Support,D. Rossi,Email,Finance,Toronto,0,0,
INC1031660,2025-08-26 13:54:33,2025-08-26 15:35:30,2025-08-27 01:02:54,2025-08-30 01:02:54,2025-08-30 01:02:54,Closed,Medium,Security,Phishing report,Security Operations,Y. Tanaka,Email,Sales,Toronto,0,1,
INC1016575,2024-11-14 11:50:05,2024-11-14 11:57:41,2024-11-14 13:11:17,2024-11-17 13:11:17,2024-11-17 13:11:17,Closed,Critical,Network & VPN,VPN will not connect,Network Operations,G. Novak,Portal,Executive,Toronto,0,0,
INC1031819,2025-08-29 10:02:42,2025-08-29 11:18:34,2025-08-30 04:01:12,2025-09-02 04:01:12,2025-09-02 04:01:12,Closed,Medium,Email & Collaboration,Mailbox full,Collaboration,O. Byrne,Portal,Engineering,Remote,1,0,
INC1005890,2024-04-24 07:49:05,2024-04-24 07:55:56,2024-04-24 10:33:37,2024-04-27 10:33:37,2024-04-27 10:33:37,Closed,High,Software,Licence request,Desktop Support,D. Rossi,Phone,Customer Care,Mississauga,0,0,
INC1039619,2026-01-05 14:04:44,2026-01-05 15:49:05,2026-01-05 16:00:40,2026-01-08 16:00:40,2026-01-08 16:00:40,Closed,Medium,Printing,Scan to email,Desktop Support,K. Brown,Email,Customer Care,Ottawa,0,0,
INC1049820,2026-06-26 17:59:37,2026-06-26 20:23:10,,,2026-06-28 08:13:08,Resolved,Low,Access & Identity,Account locked,Identity & Access,F. Haddad,Phone,Sales,Toronto,0,0,Awaiting manager approval
INC1003144,2024-03-01 08:40:53,2024-03-01 09:55:26,2024-03-02 01:02:01,2024-03-05 01:02:01,2024-03-05 01:02:01,Closed,High,Access & Identity,Permission request,Identity & Access,B. Kim,Portal,Customer Care,Mississauga,2,0,
INC1011844,2024-08-23 07:03:03,2024-08-23 09:36:05,2024-08-23 19:27:16,2024-08-26 19:27:16,2024-08-26 19:27:16,Closed,low,Software,Application crash,Desktop Support,K. Brown,Phone,Operations,Toronto,0,0,
INC1033548,2025-09-20 15:53:16,2025-09-20 16:00:24,2025-09-20 22:31:52,2025-09-23 22:31:52,2025-09-23 22:31:52,Closed,High,Network & VPN,Site outage,Network Operations,H. Silva,Portal,Engineering,Remote,1,0,
INC1029771,2025-07-20 14:45:34,2025-07-20 17:08:54,2025-07-21 04:58:24,2025-07-24 04:58:24,2025-07-24 04:58:24,Closed,Medium,Network & VPN,Site outage,Network Operations,V. Ivanova,Portal,Finance,Toronto,1,0,
INC1006205,2024-04-30 12:34:28,2024-04-30 13:32:10,2024-04-30 18:33:45,2024-05-03 18:33:45,2024-05-03 18:33:45,Closed,Medium,Printing,Printer offline,Desktop Support,E. Walsh,Phone,Operations,Waterloo,0,0,
INC1037062,2025-11-12 11:25:02,2025-11-12 12:33:29,2025-11-12 15:25:15,2025-11-15 15:25:15,2025-11-15 15:25:15,Closed,Medium,Access & Identity,Shared drive access,Identity & Access,B. Kim,Chat,Marketing,Toronto,1,0,
INC1014895,2024-10-13 01:44:36,2024-10-13 02:21:19,2024-10-13 09:05:15,2024-10-16 09:05:15,2024-10-16 09:05:15,Closed,Medium,Access & Identity,MFA enrolment,Identity & Access,C. Lopez,Portal,Customer Care,Toronto,0,0,
INC1047152,2026-05-11 11:41:00,2026-05-11 11:55:54,2026-05-11 13:19:18,2026-05-14 13:19:18,2026-05-14 13:19:18,Closed,Critical,Security,Malware alert,Security Operations,Y. Tanaka,Chat,Engineering,Toronto,0,0,
INC1007583,2024-05-29 13:06:04,2024-05-29 13:49:38,2024-05-30 09:29:31,2024-06-02 09:29:31,2024-06-02 09:29:31,Closed,Medium,Access & Identity,Shared drive access,Identity & Access,C. Lopez,Portal,Customer Care,Toronto,4,0,
INC1013202,2024-09-13 13:22:34,2024-09-13 18:23:04,2024-09-14 04:43:33,2024-09-17 04:43:33,2024-09-17 04:43:33,Closed,Medium,Onboarding,Role change,Service Desk,S. Ahmed,Email,Customer Care,Toronto,0,0,
INC1018642,2025-01-01 10:23:25,2025-01-01 12:45:11,2025-01-01 21:54:12,2025-01-04 21:54:12,2025-01-04 21:54:12,Closed,Low,Email & Collaboration,Calendar sync,Collaboration,N. Farah,Portal,Engineering,Ottawa,0,0,
INC1001900,2024-02-05 14:02:15,2024-02-05 14:13:35,2024-02-06 07:20:23,2024-02-09 07:20:23,2024-02-09 07:20:23,Closed,High,Access & Identity,Shared drive access,Identity & Access,B. Kim,Email,HR,Waterloo,1,0,Awaiting manager approval
INC1009810,2024-07-12 08:33:09,2024-07-12 11:49:43,2024-07-13 15:26:07,2024-07-16 15:26:07,2024-07-16 15:26:07,Closed,Medium,Access & Identity,Account locked,Identity & Access,F. Haddad,Portal,Executive,Toronto,0,1,Awaiting manager approval
INC1042104,2026-02-17 10:04:23,2026-02-17 10:13:50,2026-02-17 11:07:58,2026-02-20 11:07:58,2026-02-20 11:07:58,Closed,High,Security,Phishing report,Security Operations,Y. Tanaka,Portal,Customer Care,Toronto,1,0,
INC1021457,2025-02-14 14:30:30,2025-02-14 15:15:04,2025-02-17 03:19:40,2025-02-20 03:19:40,2025-02-20 03:19:40,Closed,High,Network & VPN,Firewall rule request,Network Operations,G. Novak,Portal,Sales,Mississauga,0,0,
INC1028840,2025-07-03 05:29:43,2025-07-03 09:15:01,2025-07-05 09:19:37,2025-07-08 09:19:37,2025-07-08 09:19:37,Closed,Low,Email & Collaboration,Shared mailbox access,Collaboration,O. Byrne,Portal,HR,Toronto,0,0,
INC1020467,2025-02-03 11:04:23,2025-02-03 14:36:50,2025-02-05 02:53:50,2025-02-08 02:53:50,2025-02-08 02:53:50,Closed,Low,HW,Battery failure,Desktop Support,P. Kaur,Portal,Operations,Mississauga,0,0,
INC1001918,2024-02-06 08:58:06,2024-02-06 09:13:08,2024-02-06 15:55:51,2024-02-09 15:55:51,2024-02-09 15:55:51,Closed,Critical,Network & VPN,VPN will not connect,Network Operations,V. Ivanova,Portal,Sales,Mississauga,2,0,
INC1048136,2026-05-28 11:44:40,2026-05-28 17:56:06,2026-05-28 19:52:21,2026-05-31 19:52:21,2026-05-31 19:52:21,Closed,Medium,Email & Collaboration,Shared mailbox access,Collaboration,N. Farah,Portal,Operations,Toronto,0,0,
INC1001512,2024-01-29 13:49:40,2024-01-29 15:08:37,2024-01-29 19:17:37,2024-02-01 19:17:37,2024-02-01 19:17:37,Closed,Medium,Hardware,Battery failure,Desktop Support,D. Rossi,Portal,Engineering,Mississauga,0,0,
INC1029205,2025-07-09 12:50:13,2025-07-09 15:05:45,2025-07-09 22:31:13,2025-07-12 22:31:13,2025-07-12 22:31:13,Closed,Medium,Access & Identity,Permission request,Identity & Access,F. Haddad,Portal,Engineering,Toronto,1,0,
INC1045966,2026-04-21 08:38:06,2026-04-21 09:39:15,2026-04-21 12:59:14,2026-04-24 12:59:14,2026-04-24 12:59:14,Closed,High,Email & Collaboration,Calendar sync,Collaboration,N. Farah,Portal,Executive,Toronto,0,0,
INC1016721,2024-11-18 07:53:26,2024-11-18 15:59:23,2024-11-19 02:53:00,2024-11-22 02:53:00,2024-11-22 02:53:00,Closed,Low,,Scan to email,Desktop Support,P. Kaur,Portal,Executive,Remote,0,0,
INC1008600,2024-06-18 14:38:32,2024-06-18 16:58:56,2024-06-20 19:57:51,2024-06-23 19:57:51,2024-06-23 19:57:51,Closed,Low,Access & Identity,MFA enrolment,Identity & Access,C. Lopez,Email,Executive,Mississauga,0,0,
INC1039682,2026-01-06 13:39:24,2026-01-06 13:59:32,2026-01-06 16:19:23,2026-01-09 16:19:23,2026-01-09 16:19:23,Closed,High,Security,Lost device,Security Operations,Y. Tanaka,Phone,Executive,Waterloo,0,0,
INC1027643,2025-06-11 11:38:42,2025-06-11 14:40:45,2025-06-13 00:26:02,2025-06-16 00:26:02,2025-06-16 00:26:02,Closed,Medium,Access & Identity,MFA enrolment,Identity & Access,B. Kim,Email,Sales,Toronto,2,0,Awaiting manager approval
INC1038082,2025-12-02 09:20:07,2025-12-02 09:52:49,2025-12-02 10:38:28,2025-12-05 10:38:28,2025-12-05 10:38:28,Closed,High,Network & VPN,Wi-Fi drop-outs,Network Operations,G. Novak,Portal,HR,Toronto,0,0,
INC1020136,2025-01-27 13:02:44,2025-01-27 15:11:10,2025-01-28 07:12:35,2025-01-31 07:12:35,2025-01-31 07:12:35,Closed,Low,Software,Install request,Desktop Support,D. Rossi,Portal,HR,Toronto,0,0,
INC1017881,2024-12-12 09:41:39,2024-12-12 10:23:16,2024-12-12 17:18:43,2024-12-15 17:18:43,2024-12-15 17:18:43,Closed,Medium,Network & VPN,Wi-Fi drop-outs,Network Operations,H. Silva,Phone,Operations,Toronto,0,0,
INC1021406,2025-02-14 11:38:37,2025-02-14 14:48:54,2025-02-15 02:36:47,2025-02-18 02:36:47,2025-02-18 02:36:47,Closed,Low,Printing,Printer offline,Desktop Support,K. Brown,Portal,Operations,Waterloo,0,0,
INC1003268,2024-03-04 12:17:34,2024-03-04 15:03:06,2024-03-04 19:27:07,2024-03-07 19:27:07,2024-03-07 19:27:07,Closed,Medium,Onboarding,New starter setup,Service Desk,A. Singh,Email,Operations,Ottawa,0,0,
INC1011837,2024-08-22 15:23:30,2024-08-22 21:12:56,2024-08-24 06:54:45,2024-08-27 06:54:45,2024-08-27 06:54:45,Closed,Low,Email & Collaboration,Calendar sync,Collaboration,O. Byrne,Chat,Customer Care,Waterloo,0,0,
INC1006827,2024-05-13 14:33:02,2024-05-13 17:33:19,2024-05-13 23:19:08,2024-05-16 23:19:08,2024-05-16 23:19:08,Closed,Medium,Email & Collaboration,Teams meeting issue,Collaboration,N. Farah,Phone,Operations,Toronto,0,0,
INC1018278,2024-12-23 09:59:58,2024-12-23 10:21:07,2024-12-23 15:39:15,2024-12-26 15:39:15,2024-12-26 15:39:15,Closed,Medium,Printing,Printer offline,Desktop Support,E. Walsh,Portal,Operations,Waterloo,0,0,
INC1040007,2026-01-12 10:44:11,2026-01-12 14:31:00,2026-01-13 01:32:30,2026-01-16 01:32:30,2026-01-16 01:32:30,Closed,Low,Access & Identity,Account locked,Identity & Access,F. Haddad,Email,Customer Care,Toronto,2,0,
INC1024598,2025-04-16 09:16:28,2025-04-16 10:37:07,2025-04-16 14:05:04,2025-04-19 14:05:04,2025-04-19 14:05:04,Closed,Medium,Printing,Driver install,Desktop Support,K. Brown,Email,Marketing,Mississauga,0,0,
INC1001983,2024-02-07 08:53:06,2024-02-07 10:20:15,2024-02-07 13:54:35,2024-02-10 13:54:35,2024-02-10 13:54:35,Closed,Medium,Hardware,Laptop fault,Desktop Support,P. Kaur,Portal,Finance,Waterloo,0,0,
INC1038685,2025-12-16 08:12:19,2025-12-16 08:22:39,2025-12-16 08:52:44,2025-12-19 08:52:44,2025-12-19 08:52:44,Closed,High,Hardware,Battery failure,Desktop Support,T. Martin,Portal,Sales,Waterloo,0,0,
INC1022059,2025-02-26 13:14:42,2025-02-26 13:34:52,2025-03-03 04:25:07,2025-03-06 04:25:07,2025-03-06 04:25:07,Closed,High,Security,Malware alert,Security Operations,Z. Mensah,Portal,Engineering,Waterloo,0,0,
INC1039804,2026-01-08 08:05:20,2026-01-08 10:09:28,2026-01-08 16:08:59,2026-01-11 16:08:59,2026-01-11 16:08:59,Closed,Medium,Network & VPN,Site outage,Network Operations,V. Ivanova,Chat,Engineering,Ottawa,1,0,
INC1012818,2024-09-09 12:52:12,2024-09-09 13:41:22,2024-09-10 13:42:08,2024-09-13 13:42:08,2024-09-13 13:42:08,Closed,Medium,Software,Install request,Desktop Support,T. Martin,Portal,Operations,Ottawa,0,0,
INC1025678,2025-05-05 12:17:53,2025-05-05 13:41:57,2025-06-17 21:56:42,2025-06-20 21:56:42,2025-06-20 21:56:42,Closed,Low,Network & VPN,VPN will not connect,Network Operations,H. Silva,Email,Sales,Toronto,2,0,
INC1005408,2024-04-15 10:40:38,2024-04-15 13:07:03,2024-04-15 17:01:23,2024-04-18 17:01:23,2024-04-18 17:01:23,Closed,Medium,Email & Collaboration,Calendar sync,Collaboration,N. Farah,Email,Sales,Waterloo,0,0,
INC1017187,2024-11-26 15:51:11,2024-11-26 17:14:08,2024-11-26 17:23:21,2024-11-29 17:23:21,2024-11-29 17:23:21,Closed,Medium,Printing,Printer offline,Desktop Support,D. Rossi,Portal,Customer Care,Mississauga,0,0,
INC1011303,2024-08-12 11:56:43,2024-08-12 16:11:06,2024-08-14 04:56:53,2024-08-17 04:56:53,2024-08-17 04:56:53,Closed,Low,Access & Identity,Shared drive access,Identity & Access,F. Haddad,Portal,Operations,Ottawa,2,0,
INC1003169,2024-03-01 11:44:06,2024-03-01 12:09:37,2024-03-01 16:10:31,2024-03-04 16:10:31,2024-03-04 16:10:31,Closed,High,Access & Identity,SSO error,Identity & Access,B. Kim,Email,Executive,Toronto,0,0,
INC1012593,2024-09-06 08:03:12,2024-09-06 10:10:18,2024-09-06 15:46:39,2024-09-09 15:46:39,2024-09-09 15:46:39,Closed,Medium,Onboarding,Leaver deprovisioning,Service Desk,A. Singh,Phone,Customer Care,Waterloo,0,0,
INC1033631,2025-09-22 12:06:45,2025-09-22 16:26:53,,,2025-09-22 12:51:45,In Progress,Medium,Hardware,Laptop fault,Desktop Support,T. Martin,Portal,Customer Care,Remote,0,0,
INC1036336,2025-10-29 14:30:46,2025-10-29 20:40:33,2025-10-30 04:33:04,2025-11-02 04:33:04,2025-11-02 04:33:04,Closed,Low,Printing,Printer offline,Desktop Support,T. Martin,Chat,Engineering,Waterloo,0,0,
INC1048529,2026-06-04 10:56:55,2026-06-04 15:05:04,2026-06-05 12:16:22,2026-06-08 12:16:22,2026-06-08 12:16:22,Closed,Low,Software,Application crash,Desktop Support,K. Brown,Phone,Sales,Waterloo,0,0,
INC1015763,2024-10-29 13:47:59,2024-10-29 15:47:27,2024-10-30 08:24:42,2024-11-02 08:24:42,2024-11-02 08:24:42,Closed,Low,Application,Application crash,Desktop Support,T. Martin,Phone,Operations,Mississauga,0,1,
INC1019446,2025-01-15 12:23:59,2025-01-15 16:11:02,2025-01-15 19:08:11,2025-01-18 19:08:11,2025-01-18 19:08:11,Closed,Medium,Software,Install request,Desktop Support,P. Kaur,Portal,Sales,Toronto,0,0,
INC1031898,2025-09-01 03:51:26,2025-09-01 05:27:41,2025-09-01 08:09:38,2025-09-04 08:09:38,2025-09-04 08:09:38,Closed,Medium,Email & Collaboration,Shared mailbox access,Collaboration,N. Farah,Portal,Operations,Mississauga,0,0,
INC1010164,2024-07-19 08:09:50,2024-07-19 09:03:05,2024-07-19 15:47:42,2024-07-22 15:47:42,2024-07-22 15:47:42,Closed,Medium,Email & Collaboration,Mailbox full,Collaboration,N. Farah,Portal,HR,Waterloo,0,0,
INC1007645,2024-05-30 13:07:26,2024-05-30 15:54:12,2024-05-30 16:12:44,2024-06-02 16:12:44,2024-06-02 16:12:44,Closed,Medium,Printing,Scan to email,Desktop Support,K. Brown,Phone,Customer Care,Toronto,0,0,
INC1037918,2025-11-27 15:53:02,2025-11-27 16:09:17,2025-11-28 03:37:35,2025-12-01 03:37:35,2025-12-01 03:37:35,Closed,High,Access & Identity,Account locked,Identity & Access,B. Kim,Portal,Marketing,Remote,0,0,Awaiting manager approval
INC1039575,2026-01-05 10:29:46,2026-01-05 13:40:47,2026-01-05 22:27:22,2026-01-08 22:27:22,2026-01-08 22:27:22,Closed,Medium,Printing,Scan to email,Desktop Support,P. Kaur,Portal,Sales,Waterloo,0,0,
INC1002275,2024-02-13 12:12:29,2024-02-13 12:46:39,2024-02-13 19:45:47,2024-02-16 19:45:47,2024-02-16 19:45:47,Closed,Medium,Security,Malware alert,Security Operations,Z. Mensah,Chat,Operations,Toronto,0,0,
INC1038930,2025-12-22 10:00:13,2025-12-22 13:41:33,2025-12-22 17:04:21,2025-12-25 17:04:21,2025-12-25 17:04:21,Closed,Medium,Network & VPN,VPN will not connect,Network Operations,G. Novak,Chat,Executive,Mississauga,0,0,
INC1026038,2025-05-12 10:59:59,2025-05-12 12:24:19,2025-05-12 22:05:30,2025-05-15 22:05:30,2025-05-15 22:05:30,Closed,Medium,Access & Identity,MFA enrolment,Identity & Access,B. Kim,Phone,Sales,Waterloo,0,0,
INC1024614,2025-04-16 10:22:49,2025-04-16 11:41:58,2025-04-16 15:40:20,2025-04-19 15:40:20,2025-04-19 15:40:20,Closed,Medium,Software,Install request,Desktop Support,K. Brown,Email,Engineering,Toronto,0,0,
INC1022934,2025-03-16 00:15:18,2025-03-16 02:45:02,2025-03-16 20:38:13,2025-03-19 20:38:13,2025-03-19 20:38:13,Closed,Medium,Onboarding,New starter setup,Service Desk,J. Okafor,Phone,Sales,Waterloo,0,0,
INC1040400,2026-01-18 12:57:54,2026-01-18 13:10:21,2026-01-18 23:02:32,2026-01-21 23:02:32,2026-01-21 23:02:32,Closed,Medium,Network & VPN,Slow connection,Network Operations,G. Novak,Phone,HR,Waterloo,0,0,
INC1044932,2026-04-03 11:19:28,2026-04-03 14:31:41,2026-04-03 22:51:17,2026-04-06 22:51:17,2026-04-06 22:51:17,Closed,Low,Printer,Toner / paper jam,Desktop Support,E. Walsh,Phone,Marketing,Waterloo,0,0,
INC1011467,2024-08-15 08:43:03,2024-08-15 09:38:41,2024-08-15 14:00:32,2024-08-18 14:00:32,2024-08-18 14:00:32,Closed,Medium,Printing,Driver install,Desktop Support,D. Rossi,Portal,Operations,Toronto,0,0,
INC1032936,2025-09-14 06:09:02,2025-09-14 06:26:45,2025-09-14 08:25:22,2025-09-17 08:25:22,2025-09-17 08:25:22,Closed,High,Network & VPN,Slow connection,Network Operations,V. Ivanova,Phone,Marketing,Waterloo,1,0,
INC1047061,2026-05-08 15:11:54,2026-05-08 15:30:34,2026-05-08 17:50:31,2026-05-11 17:50:31,2026-05-11 17:50:31,Closed,High,Software,Install request,Desktop Support,P. Kaur,Chat,Sales,Toronto,0,0,
INC1021983,2025-02-25 11:44:35,2025-02-25 11:48:18,2025-02-25 14:12:03,2025-02-28 14:12:03,2025-02-28 14:12:03,Closed,High,Security,Suspicious sign-in,Security Operations,Z. Mensah,Chat,Marketing,Waterloo,0,0,
INC1019561,2025-01-17 08:47:48,2025-01-17 15:23:13,2025-01-17 16:07:09,2025-01-20 16:07:09,2025-01-20 16:07:09,Closed,Low,Email & Collaboration,Shared mailbox access,Collaboration,O. Byrne,Email,Sales,Remote,0,0,
INC1044547,2026-03-27 10:03:52,2026-03-27 12:18:47,2026-03-29 08:03:28,2026-04-01 08:03:28,2026-04-01 08:03:28,Closed,Low,Software,Install request,Desktop Support,K. Brown,Email,Sales,Toronto,0,0,
INC1021226,2025-02-13 07:59:29,2025-02-13 08:28:54,2025-02-15 08:02:40,2025-02-18 08:02:40,2025-02-18 08:02:40,Closed,Medium,Network & VPN,VPN will not connect,Network Operations,G. Novak,Phone,Finance,Toronto,1,0,Awaiting carrier / vendor
INC1018607,2024-12-31 12:00:42,2024-12-31 12:14:56,2024-12-31 15:09:10,2025-01-03 15:09:10,2025-01-03 15:09:10,Closed,Critical,Software,Update failure,Desktop Support,T. Martin,Chat,Customer Care,Mississauga,0,0,
INC1007853,2024-06-04 08:02:37,2024-06-04 10:19:59,2024-06-04 12:52:57,2024-06-07 12:52:57,2024-06-07 12:52:57,Closed,Medium,Email & Collaboration,Mailbox full,Collaboration,N. Farah,Chat,Engineering,Mississauga,0,0,
INC1017211,2024-11-27 11:05:57,2024-11-27 11:19:44,2024-11-27 14:11:53,2024-11-30 14:11:53,2024-11-30 14:11:53,Closed,High,Software,Update failure,Desktop Support,D. Rossi,Email,Engineering,Remote,0,0,
INC1028023,2025-06-18 10:39:20,2025-06-18 11:06:13,2025-06-18 11:45:09,2025-06-21 11:45:09,2025-06-21 11:45:09,Closed,High,Email & Collaboration,Calendar sync,Collaboration,O. Byrne,Email,Sales,Toronto,0,0,
INC1008304,2024-06-12 13:03:24,2024-06-12 14:36:41,2024-06-12 23:47:48,2024-06-15 23:47:48,2024-06-15 23:47:48,Closed,Medium,Security,Phishing report,Security Operations,Y. Tanaka,Email,Operations,Remote,1,0,
INC1032677,2025-09-11 07:07:23,2025-09-11 09:12:04,2025-09-11 17:04:31,2025-09-14 17:04:31,2025-09-14 17:04:31,Closed,Medium,Access & Identity,Account locked,Identity & Access,F. Haddad,Phone,Finance,Ottawa,0,0,
INC1017601,2024-12-05 08:51:51,2024-12-05 09:25:02,2024-12-05 12:43:43,2024-12-08 12:43:43,2024-12-08 12:43:43,Closed,High,Access & Identity,SSO error,Identity & Access,C. Lopez,Portal,Finance,Toronto,0,0,
INC1016122,2024-11-05 15:02:54,2024-11-05 16:03:39,2024-11-05 16:10:24,2024-11-08 16:10:24,2024-11-08 16:10:24,Closed,High,Security,Malware alert,Security Operations,Z. Mensah,Portal,Engineering,Ottawa,0,0,
INC1020546,2025-02-04 11:35:38,2025-02-04 12:15:48,2025-02-02 19:30:18,2025-02-07 14:55:37,2025-02-07 14:55:37,Closed,High,Onboarding,Leaver deprovisioning,Service Desk,J. Okafor,Portal,Sales,Toronto,0,0,
INC1017276,2024-11-28 09:50:22,2024-11-28 11:51:03,2024-11-30 04:29:06,2024-12-03 04:29:06,2024-12-03 04:29:06,Closed,Low,Software,Licence request,Desktop Support,E. Walsh,Phone,Finance,Toronto,0,0,
INC1049107,2026-06-15 10:53:51,2026-06-15 10:56:28,2026-06-15 14:51:14,2026-06-18 14:51:14,2026-06-18 14:51:14,Closed,Critical,Access & Identity,Permission request,Identity & Access,C. Lopez,Chat,Sales,Toronto,1,1,
INC1027217,2025-06-03 11:10:42,2025-06-03 14:03:16,2025-06-03 22:54:34,2025-06-06 22:54:34,2025-06-06 22:54:34,Closed,Low,Onboarding,Leaver deprovisioning,Service Desk,S. Ahmed,Chat,Executive,Remote,0,0,
INC1017258,2024-11-28 07:01:39,2024-11-28 12:27:00,2024-11-28 19:36:09,2024-12-01 19:36:09,2024-12-01 19:36:09,Closed,Medium,Outlook,Mailbox full,Collaboration,O. Byrne,Email,Finance,Toronto,0,0,
INC1045817,2026-04-17 13:15:11,2026-04-17 14:07:15,2026-04-18 10:43:26,2026-04-21 10:43:26,2026-04-21 10:43:26,Closed,Medium,Email & Collaboration,Teams meeting issue,Collaboration,N. Farah,Email,Marketing,Toronto,1,0,
INC1011289,2024-08-12 10:36:10,2024-08-12 11:27:46,2024-08-12 16:19:34,2024-08-15 16:19:34,2024-08-15 16:19:34,Closed,Medium,Email & Collaboration,Mailbox full,Collaboration,O. Byrne,Chat,HR,Mississauga,0,0,
INC1029602,2025-07-17 06:12:02,2025-07-17 06:15:43,2025-07-17 10:44:27,2025-07-20 10:44:27,2025-07-20 10:44:27,Closed,High,Network & VPN,Slow connection,Network Operations,V. Ivanova,Portal,HR,Waterloo,0,0,
INC1032148,2025-09-04 08:50:31,2025-09-04 12:01:03,2025-09-06 05:16:47,2025-09-09 05:16:47,2025-09-09 05:16:47,Closed,Low,Software,Licence request,Desktop Support,K. Brown,Portal,Marketing,Toronto,1,0,Awaiting vendor patch
INC1009714,2024-07-10 10:43:56,2024-07-10 12:02:39,2024-07-11 00:13:52,2024-07-14 00:13:52,2024-07-14 00:13:52,Closed,Medium,Security,Phishing report,Security Operations,Y. Tanaka,Portal,Operations,Waterloo,2,0,
INC1027602,2025-06-11 08:26:59,2025-06-11 16:19:39,2025-06-11 17:12:10,2025-06-14 17:12:10,2025-06-14 17:12:10,Closed,Low,Email & Collaboration,Teams meeting issue,Collaboration,O. Byrne,Portal,HR,Mississauga,1,0,
INC1012283,2024-09-02 10:46:57,2024-09-02 12:03:52,2024-09-02 21:29:52,2024-09-05 21:29:52,2024-09-05 21:29:52,Closed,Medium,Access & Identity,Permission request,Identity & Access,B. Kim,Phone,Finance,Ottawa,0,0,
INC1049262,2026-06-17 12:47:03,2026-06-17 20:41:20,2026-06-18 02:39:47,2026-06-21 02:39:47,2026-06-21 02:39:47,Closed,Low,Onboarding,Role change,Service Desk,A. Singh,Portal,Marketing,Remote,0,0,
INC1041372,2026-02-03 12:36:03,2026-02-03 15:36:39,2026-02-03 20:23:25,2026-02-06 20:23:25,2026-02-06 20:23:25,Closed,Medium,Software,Application crash,Desktop Support,T. Martin,Phone,Operations,Mississauga,0,0,
INC1048020,2026-05-26 12:57:50,2026-05-26 16:23:11,2026-05-27 00:40:01,2026-05-30 00:40:01,2026-05-30 00:40:01,Closed,Low,Printing,Printer offline,Desktop Support,T. Martin,Portal,Sales,Toronto,0,0,
INC1036997,2025-11-11 11:41:22,2025-11-11 12:47:40,2025-11-11 19:44:08,2025-11-14 19:44:08,2025-11-14 19:44:08,Closed,Medium,Printing,Driver install,Desktop Support,T. Martin,Portal,Sales,Mississauga,0,0,
INC1034372,2025-09-30 11:50:12,2025-09-30 12:24:00,2025-10-01 22:42:27,2025-10-04 22:42:27,2025-10-04 22:42:27,Closed,Medium,Access & Identity,Permission request,Identity & Access,B. Kim,Email,Operations,Waterloo,2,0,
INC1017080,2024-11-25 09:31:44,2024-11-25 11:03:45,2024-11-25 21:18:53,2024-11-28 21:18:53,2024-11-28 21:18:53,Closed,Medium,Access & Identity,Permission request,Identity & Access,F. Haddad,Portal,Engineering,Waterloo,1,0,Awaiting manager approval
INC1040229,2026-01-15 08:25:56,2026-01-15 08:55:12,2026-01-15 09:41:14,2026-01-18 09:41:14,2026-01-18 09:41:14,Closed,High,Hardware,Peripheral request,Desktop Support,E. Walsh,Email,Sales,Toronto,0,0,
INC1049709,2026-06-25 10:55:31,2026-06-25 12:22:15,2026-06-25 21:33:52,2026-06-28 21:33:52,2026-06-28 21:33:52,Closed,Medium,Hardware,Monitor / dock,Desktop Support,T. Martin,Portal,Customer Care,Toronto,1,0,
INC1028106,2025-06-19 12:51:55,2025-06-19 14:50:13,2025-06-19 16:12:18,2025-06-22 16:12:18,2025-06-22 16:12:18,Closed,Medium,Printing,Driver install,Desktop Support,K. Brown,Portal,Marketing,Ottawa,0,0,
INC1039519,2026-01-03 16:17:06,2026-01-03 17:17:00,2026-01-03 19:33:59,2026-01-06 19:33:59,2026-01-06 19:33:59,Closed,Medium,Printing,Scan to email,Desktop Support,E. Walsh,Email,Customer Care,Toronto,0,0,
INC1007966,2024-06-06 07:35:54,2024-06-06 08:25:56,2024-06-06 08:48:47,2024-06-09 08:48:47,2024-06-09 08:48:47,Closed,High,Access & Identity,Permission request,Identity & Access,C. Lopez,Chat,Engineering,Ottawa,1,0,
INC1044397,2026-03-25 08:50:58,2026-03-25 10:09:14,2026-03-26 09:09:07,2026-03-29 09:09:07,2026-03-29 09:09:07,Closed,Medium,Network/VPN,VPN will not connect,Network Operations,V. Ivanova,Portal,Operations,Toronto,0,0,Awaiting carrier / vendor
INC1023847,2025-04-02 09:54:51,2025-04-02 22:09:13,2025-04-05 08:21:45,2025-04-08 08:21:45,2025-04-08 08:21:45,Closed,Low,Onboarding,New starter setup,Service Desk,M. Chen,Chat,Operations,Toronto,0,1,
INC1037767,2025-11-25 12:49:18,2025-11-25 14:12:12,2025-11-25 18:25:49,2025-11-28 18:25:49,2025-11-28 18:25:49,Closed,Medium,IAM,Account locked,Identity & Access,C. Lopez,Email,Engineering,Mississauga,1,0,
INC1030802,2025-08-08 14:18:59,2025-08-08 14:58:56,2025-08-08 18:20:44,2025-08-11 18:20:44,2025-08-11 18:20:44,Closed,High,Access & Identity,Permission request,Identity & Access,F. Haddad,Portal,Sales,Toronto,0,0,Awaiting manager approval
INC1028316,2025-06-24 10:18:39,2025-06-24 12:42:18,2025-06-24 17:33:05,2025-06-27 17:33:05,2025-06-27 17:33:05,Closed,Low,Printing,Printer offline,Desktop Support,E. Walsh,Chat,Customer Care,Remote,0,0,
INC1035509,2025-10-14 12:49:16,2025-10-14 13:06:47,2025-10-14 19:47:26,2025-10-17 19:47:26,2025-10-17 19:47:26,Closed,High,Software,Licence request,Desktop Support,K. Brown,Email,Engineering,Toronto,0,0,Awaiting vendor patch
INC1000170,2024-01-03 15:49:28,2024-01-03 17:25:34,2024-01-03 23:45:19,2024-01-06 23:45:19,2024-01-06 23:45:19,Closed,Low,Software,Update failure,Desktop Support,E. Walsh,Portal,Engineering,Ottawa,0,0,
INC1028479,2025-06-26 11:09:03,2025-06-26 12:41:32,2025-06-26 12:51:48,2025-06-29 12:51:48,2025-06-29 12:51:48,Closed,Medium,Software,Application crash,Desktop Support,K. Brown,Phone,Operations,Toronto,0,0,
INC1025959,2025-05-09 15:26:42,2025-05-09 17:27:27,2025-05-10 08:32:24,2025-05-13 08:32:24,2025-05-13 08:32:24,Closed,Low,Network & VPN,Firewall rule request,Network Operations,V. Ivanova,Portal,Operations,Ottawa,0,0,
INC1010748,2024-07-31 11:38:02,2024-07-31 11:50:30,2024-07-31 13:32:26,2024-08-03 13:32:26,2024-08-03 13:32:26,Closed,High,Access & Identity,Account locked,Identity & Access,C. Lopez,Chat,Operations,Toronto,0,0,
INC1021275,2025-02-13 11:49:23,2025-02-13 13:10:45,2025-02-13 16:16:09,2025-02-16 16:16:09,2025-02-16 16:16:09,Closed,Medium,Email & Collaboration,Teams meeting issue,Collaboration,N. Farah,Chat,Operations,Remote,0,0,
INC1044982,2026-04-04 03:23:37,2026-04-04 04:04:16,2026-04-04 12:14:45,2026-04-07 12:14:45,2026-04-07 12:14:45,Closed,Medium,Onboarding,New starter setup,Service Desk,J. Okafor,Portal,Engineering,Waterloo,1,0,
INC1022957,2025-03-17 08:08:32,2025-03-17 08:47:53,2025-03-17 18:28:38,2025-03-20 18:28:38,2025-03-20 18:28:38,Closed,High,Hardware,Laptop fault,Desktop Support,D. Rossi,Email,Customer Care,Ottawa,1,0,
INC1029902,2025-07-22 15:44:25,2025-07-22 18:57:31,2025-07-22 20:58:51,2025-07-25 20:58:51,2025-07-25 20:58:51,Closed,Medium,Email & Collaboration,Mailbox full,Collaboration,N. Farah,Phone,Operations,Ottawa,0,0,
INC1007586,2024-05-29 13:29:20,2024-05-29 17:39:29,2024-05-30 08:06:19,2024-06-02 08:06:19,2024-06-02 08:06:19,Closed,Low,Access & Identity,Account locked,Identity & Access,F. Haddad,Email,Sales,Toronto,0,0,
INC1039327,2025-12-31 10:43:03,2025-12-31 13:17:30,2026-01-01 11:28:16,2026-01-04 11:28:16,2026-01-04 11:28:16,Closed,Low,Hardware,Battery failure,Desktop Support,K. Brown,Portal,Sales,Ottawa,0,0,
INC1046917,2026-05-07 07:14:37,2026-05-07 07:35:19,2026-05-07 10:12:44,2026-05-10 10:12:44,2026-05-10 10:12:44,Closed,High,Security,Phishing report,Security Operations,Z. Mensah,Phone,Engineering,Toronto,0,0,
INC1009350,2024-07-03 08:43:14,2024-07-03 09:18:26,2024-07-03 17:57:43,2024-07-06 17:57:43,2024-07-06 17:57:43,Closed,Medium,Software,Install request,Desktop Support,K. Brown,Email,Engineering,Remote,0,0,
INC1016546,2024-11-14 08:33:05,2024-11-14 09:04:43,2024-11-14 13:49:52,2024-11-17 13:49:52,2024-11-17 13:49:52,Closed,High,Software,Install request,Desktop Support,K. Brown,Portal,Engineering,Mississauga,0,0,
INC1009421,2024-07-04 08:45:07,2024-07-04 14:12:05,2024-07-05 02:04:40,2024-07-08 02:04:40,2024-07-08 02:04:40,Closed,Low,Access & Identity,Shared drive access,Identity & Access,B. Kim,Portal,Customer Care,Remote,0,0,
INC1036298,2025-10-29 10:03:20,2025-10-29 10:22:41,2025-10-29 13:24:34,2025-11-01 13:24:34,2025-11-01 13:24:34,Closed,High,Hardware,Battery failure,Desktop Support,T. Martin,Portal,Engineering,Ottawa,0,0,
INC1029132,2025-07-08 12:01:13,2025-07-08 21:11:02,2025-07-11 09:40:57,2025-07-14 09:40:57,2025-07-14 09:40:57,Closed,Low,Software,Update failure,Desktop Support,E. Walsh,Phone,Engineering,Waterloo,0,0,
INC1030489,2025-08-03 03:32:57,2025-08-03 07:01:41,2025-08-03 22:24:43,2025-08-06 22:24:43,2025-08-06 22:24:43,Closed,Low,Access & Identity,Shared drive access,Identity & Access,B. Kim,Chat,Operations,Toronto,1,0,
INC1004427,2024-03-27 11:37:33,2024-03-27 12:35:04,2024-03-27 21:45:30,2024-03-30 21:45:30,2024-03-30 21:45:30,Closed,High,Network & VPN,VPN will not connect,Network Operations,G. Novak,Email,Sales,Toronto,1,0,Awaiting carrier / vendor
INC1049191,2026-06-16 12:43:33,2026-06-16 17:55:40,2026-06-17 05:53:11,2026-06-20 05:53:11,2026-06-20 05:53:11,Closed,Low,Access & Identity,Permission request,Identity & Access,B. Kim,Portal,Engineering,Ottawa,0,0,
INC1024910,2025-04-21 15:43:38,2025-04-21 15:59:55,2025-04-21 21:26:44,2025-04-24 21:26:44,2025-04-24 21:26:44,Closed,High,Email & Collaboration,Teams meeting issue,Collaboration,N. Farah,Portal,Executive,Toronto,0,0,
INC1034356,2025-09-30 11:11:39,2025-09-30 11:42:05,2025-09-30 13:47:04,2025-10-03 13:47:04,2025-10-03 13:47:04,Closed,High,Software,Licence request,Desktop Support,T. Martin,Email,Operations,Remote,0,0,
INC1043759,2026-03-13 12:35:36,2026-03-13 13:49:28,2026-03-13 19:48:07,2026-03-16 19:48:07,2026-03-16 19:48:07,Closed,Medium,Software,Update failure,Desktop Support,D. Rossi,Chat,Sales,Toronto,1,0,
INC1025074,2025-04-23 15:06:30,2025-04-23 16:55:09,2025-04-23 20:07:28,2025-04-26 20:07:28,2025-04-26 20:07:28,Closed,Medium,Onboarding,New starter setup,Service Desk,L. Nguyen,Chat,Engineering,Mississauga,0,0,
INC1009365,2024-07-03 10:29:38,2024-07-03 13:29:54,2024-07-03 17:19:44,2024-07-06 17:19:44,2024-07-06 17:19:44,Closed,Low,Security,Lost device,Security Operations,Z. Mensah,Email,Operations,Waterloo,0,0,
INC1021692,2025-02-19 13:03:38,2025-02-19 13:21:33,2025-02-19 13:58:36,2025-02-22 13:58:36,2025-02-22 13:58:36,Closed,High,Email & Collaboration,Teams meeting issue,Collaboration,N. Farah,Portal,Operations,Waterloo,0,0,
INC1014899,2024-10-13 04:55:32,2024-10-13 08:33:23,2024-10-13 10:07:45,2024-10-16 10:07:45,2024-10-16 10:07:45,Closed,Medium,Software,Install request,Desktop Support,P. Kaur,Portal,Customer Care,Mississauga,0,0,
INC1033124,2025-09-16 12:00:21,2025-09-16 14:26:23,2025-09-16 19:03:58,2025-09-19 19:03:58,2025-09-19 19:03:58,Closed,Medium,Hardware,Battery failure,Desktop Support,K. Brown,Portal,Engineering,Mississauga,0,0,
INC1032557,2025-09-09 16:05:50,2025-09-09 19:10:41,2025-09-10 08:22:12,2025-09-13 08:22:12,2025-09-13 08:22:12,Closed,Medium,Access & Identity,Account locked,Identity & Access,C. Lopez,Phone,Engineering,Toronto,0,0,
INC1006554,2024-05-07 12:56:36,2024-05-07 15:27:27,2024-05-08 08:06:29,2024-05-11 08:06:29,2024-05-11 08:06:29,Closed,Medium,Access & Identity,MFA enrolment,Identity & Access,F. Haddad,Email,Engineering,Toronto,1,0,
INC1036647,2025-11-04 15:08:10,2025-11-04 17:25:08,2025-11-19 06:57:37,2025-11-22 06:57:37,2025-11-22 06:57:37,Closed,Medium,Access & Identity,Shared drive access,Identity & Access,F. Haddad,Email,Sales,Toronto,2,0,Awaiting manager approval
INC1037032,2025-11-12 07:58:50,2025-11-12 08:53:16,2025-11-12 16:29:04,2025-11-15 16:29:04,2025-11-15 16:29:04,Closed,Medium,Software,Update failure,Desktop Support,T. Martin,Portal,Operations,Toronto,0,0,
INC1026857,2025-05-28 07:43:35,2025-05-28 08:10:03,2025-05-28 14:41:02,2025-05-31 14:41:02,2025-05-31 14:41:02,Closed,High,Hardware,Laptop fault,Desktop Support,T. Martin,Email,Operations,Ottawa,0,1,
INC1009922,2024-07-15 11:41:11,2024-07-15 12:31:11,2024-07-15 17:17:17,2024-07-18 17:17:17,2024-07-18 17:17:17,Closed,Medium,Hardware,Monitor / dock,Desktop Support,K. Brown,Portal,Sales,Toronto,0,0,
INC1015550,2024-10-25 10:18:28,2024-10-25 11:08:52,2024-10-23 18:38:13,2024-10-28 12:42:56,2024-10-28 12:42:56,Closed,High,Hardware,Laptop fault,Desktop Support,P. Kaur,Portal,Customer Care,Toronto,0,0,
INC1008480,2024-06-16 13:59:05,2024-06-16 14:46:14,2024-06-16 16:50:53,2024-06-19 16:50:53,2024-06-19 16:50:53,Closed,Medium,Software,Application crash,Desktop Support,K. Brown,Chat,Engineering,Waterloo,0,0,
INC1009404,2024-07-03 14:38:23,2024-07-03 15:52:40,2024-07-03 16:28:37,2024-07-06 16:28:37,2024-07-06 16:28:37,Closed,Medium,Printing,Driver install,Desktop Support,T. Martin,Portal,Sales,Remote,0,0,
INC1019358,2025-01-13 15:17:40,2025-01-13 17:39:42,2025-01-14 05:16:07,2025-01-17 05:16:07,2025-01-17 05:16:07,Closed,Medium,Email & Collaboration,Calendar sync,Collaboration,N. Farah,Chat,Executive,Ottawa,0,1,
INC1044923,2026-04-03 10:34:35,2026-04-03 13:47:33,2026-04-03 19:22:35,2026-04-06 19:22:35,2026-04-06 19:22:35,Closed,Medium,Access & Identity,Permission request,Identity & Access,F. Haddad,Phone,HR,Waterloo,0,0,Awaiting manager approval
INC1044958,2026-04-03 13:53:06,2026-04-03 16:47:35,2026-04-04 07:06:23,2026-04-07 07:06:23,2026-04-07 07:06:23,Closed,Low,Email & Collaboration,Shared mailbox access,Collaboration,N. Farah,Chat,Sales,Ottawa,1,0,
INC1021573,2025-02-17 14:27:36,2025-02-17 17:52:02,2025-02-19 21:04:25,2025-02-22 21:04:25,2025-02-22 21:04:25,Closed,Low,Software,Licence request,Desktop Support,K. Brown,Phone,Operations,Waterloo,0,0,
INC1016592,2024-11-14 15:56:34,2024-11-14 16:36:31,2024-11-14 23:01:21,2024-11-17 23:01:21,2024-11-17 23:01:21,Closed,High,Access & Identity,Shared drive access,Identity & Access,B. Kim,Portal,Customer Care,Toronto,1,0,
INC1023595,2025-03-28 10:18:53,2025-03-28 10:34:35,2025-03-29 02:53:41,2025-04-01 02:53:41,2025-04-01 02:53:41,Closed,High, Network & VPN,Wi-Fi drop-outs,Network Operations,G. Novak,Portal,Engineering,Toronto,0,0,
INC1004443,2024-03-27 14:36:52,2024-03-28 01:21:11,2024-03-28 02:41:57,2024-03-31 02:41:57,2024-03-31 02:41:57,Closed,Low,Email & Collaboration,Teams meeting issue,Collaboration,O. Byrne,Email,Engineering,Toronto,0,0,
INC1009764,2024-07-11 09:38:01,2024-07-11 10:55:06,2024-07-27 15:07:27,2024-07-30 15:07:27,2024-07-30 15:07:27,Closed,Medium,Onboarding,Leaver deprovisioning,Service Desk,J. Okafor,Email,Executive,Remote,0,0,
INC1037138,2025-11-13 11:09:16,2025-11-13 13:20:59,2025-11-14 13:58:02,2025-11-17 13:58:02,2025-11-17 13:58:02,Closed,Medium,Access & Identity,Shared drive access,Identity & Access,C. Lopez,Email,Sales,Mississauga,1,0,
INC1047110,2026-05-11 07:31:08,2026-05-11 14:41:21,2026-05-13 17:35:09,2026-05-16 17:35:09,2026-05-16 17:35:09,Closed,Low,Software,Install request,Desktop Support,E. Walsh,Phone,Executive,Waterloo,0,0,
INC1023140,2025-03-19 15:32:27,2025-03-19 16:46:44,2025-03-20 09:00:22,2025-03-23 09:00:22,2025-03-23 09:00:22,Closed,Low,Software,Install request,Desktop Support,K. Brown,Email,Customer Care,Ottawa,1,0,
INC1046195,2026-04-24 10:27:29,2026-04-24 17:30:34,2026-04-25 16:01:02,2026-04-28 16:01:02,2026-04-28 16:01:02,Closed,Low,Email & Collaboration,Mailbox full,Collaboration,O. Byrne,Email,Operations,Toronto,0,0,
INC1038391,2025-12-09 10:19:32,2025-12-09 11:37:47,2025-12-09 18:22:12,2025-12-12 18:22:12,2025-12-12 18:22:12,Closed,Medium,Software,Licence request,Desktop Support,E. Walsh,Portal,Finance,Remote,0,0,
INC1032715,2025-09-11 10:46:14,2025-09-11 12:00:04,2025-09-12 02:55:58,2025-09-15 02:55:58,2025-09-15 02:55:58,Closed,Medium,Access & Identity,SSO error,Identity & Access,F. Haddad,Email,Operations,Mississauga,1,0,
INC1006692,2024-05-09 16:26:33,2024-05-09 18:35:20,2024-05-10 03:24:11,2024-05-13 03:24:11,2024-05-13 03:24:11,Closed,Medium,Software,Application crash,Desktop Support,D. Rossi,Email,Marketing,Ottawa,0,0,
INC1046284,2026-04-27 06:48:02,2026-04-27 08:09:50,2026-04-27 20:35:30,2026-04-30 20:35:30,2026-04-30 20:35:30,Closed,Medium,Access & Identity,Permission request,Identity & Access,C. Lopez,Portal,Executive,Toronto,0,0,
INC1012045,2024-08-27 14:07:48,2024-08-27 15:55:51,2024-08-28 10:25:23,2024-08-31 10:25:23,2024-08-31 10:25:23,Closed,Medium,Network & VPN,Firewall rule request,Network Operations,H. Silva,Portal,Finance,Mississauga,2,0,
INC1017292,2024-11-28 11:53:16,2024-11-28 16:32:34,2024-11-28 21:08:10,2024-12-01 21:08:10,2024-12-01 21:08:10,Closed,Medium,Software,Install request,Desktop Support,P. Kaur,Email,Operations,Toronto,0,0,
INC1015144,2024-10-17 13:22:16,2024-10-17 13:32:28,2024-10-17 15:33:46,2024-10-20 15:33:46,2024-10-20 15:33:46,Closed,High,Access & Identity,MFA enrolment,,B. Kim,Chat,Operations,Ottawa,0,0,
INC1040692,2026-01-22 17:11:51,2026-01-22 18:38:42,2026-01-23 15:55:38,2026-01-26 15:55:38,2026-01-26 15:55:38,Closed,Medium,Network & VPN,Firewall rule request,Network Operations,V. Ivanova,Chat,HR,Mississauga,1,0,
INC1047464,2026-05-16 06:00:59,2026-05-16 06:14:48,2026-05-16 06:54:23,2026-05-19 06:54:23,2026-05-19 06:54:23,Closed,Critical,Software,Licence request,Desktop Support,P. Kaur,Email,Operations,Waterloo,0,0,
INC1008212,2024-06-11 06:08:41,2024-06-11 11:24:45,2024-06-11 11:59:52,2024-06-14 11:59:52,2024-06-14 11:59:52,Closed,Medium,Printing,Scan to email,Desktop Support,K. Brown,Portal,Executive,Toronto,0,0,
INC1010800,2024-08-01 10:25:51,2024-08-01 11:16:24,2024-08-02 06:35:10,2024-08-05 06:35:10,2024-08-05 06:35:10,Closed,Low,Network & VPN,Firewall rule request,Network Operations,V. Ivanova,Portal,Marketing,Toronto,2,0,
INC1008245,2024-06-11 12:38:49,2024-06-11 12:50:49,2024-06-11 17:59:33,2024-06-14 17:59:33,2024-06-14 17:59:33,Closed,High,Hardware,Battery failure,Desktop Support,D. Rossi,Portal,Customer Care,Mississauga,0,0,
INC1029263,2025-07-10 12:39:06,2025-07-10 15:10:49,2025-07-11 04:15:27,2025-07-14 04:15:27,2025-07-14 04:15:27,Closed,Low,Printing,Printer offline,Desktop Support,D. Rossi,Phone,Engineering,Remote,0,0,
INC1027011,2025-05-30 06:18:32,2025-05-30 07:56:20,2025-05-30 09:46:10,2025-06-02 09:46:10,2025-06-02 09:46:10,Closed,Medium,Software,Licence request,Desktop Support,K. Brown,Email,Operations,Toronto,0,0,
INC1015327,2024-10-21 13:59:38,2024-10-21 15:50:34,2024-10-21 16:30:18,2024-10-24 16:30:18,2024-10-24 16:30:18,Closed,Medium,Onboarding,New starter setup,Service Desk,M. Chen,Email,Operations,Toronto,0,0,
INC1001562,2024-01-30 11:39:38,2024-01-30 13:42:30,2024-01-30 13:56:09,2024-02-02 13:56:09,2024-02-02 13:56:09,Closed,Medium,Hardware,Battery failure,Desktop Support,P. Kaur,Portal,Customer Care,Waterloo,0,0,
INC1026429,2025-05-19 14:33:41,2025-05-19 21:12:47,2025-05-19 21:57:07,2025-05-22 21:57:07,2025-05-22 21:57:07,Closed,Medium,Email & Collaboration,Shared mailbox access,Collaboration,O. Byrne,Portal,Sales,Mississauga,0,0,
INC1005321,2024-04-12 11:55:12,2024-04-12 12:26:01,2024-04-12 14:45:10,2024-04-15 14:45:10,2024-04-15 14:45:10,Closed,High,Software,Application crash,Desktop Support,E. Walsh,Email,Executive,Remote,0,0,
INC1000576,2024-01-11 11:50:08,2024-01-11 13:34:19,2024-01-13 00:00:44,2024-01-16 00:00:44,2024-01-16 00:00:44,Closed,Low,Security,Suspicious sign-in,Security Operations,Z. Mensah,Portal,Marketing,Remote,0,0,
INC1042390,2026-02-22 07:27:08,2026-02-22 07:31:44,2026-02-22 11:11:03,2026-02-25 11:11:03,2026-02-25 11:11:03,Closed,High,Network & VPN,VPN will not connect,Network Operations,V. Ivanova,Email,Engineering,Toronto,1,0,
INC1028749,2025-07-01 12:25:20,2025-07-01 14:20:23,2025-07-02 04:17:55,2025-07-05 04:17:55,2025-07-05 04:17:55,Closed,Medium,Email & Collaboration,Calendar sync,Collaboration,N. Farah,Email,Sales,Mississauga,2,0,
INC1009437,2024-07-04 10:56:01,2024-07-04 15:56:13,2024-07-05 07:05:26,2024-07-08 07:05:26,2024-07-08 07:05:26,Closed,Low,Software,Install request,Desktop Support,E. Walsh,Phone,Marketing,Mississauga,0,0,
INC1013113,2024-09-12 13:31:19,2024-09-12 14:06:48,2024-09-13 13:52:35,2024-09-16 13:52:35,2024-09-16 13:52:35,Closed,Medium,Hardware,Laptop fault,Desktop Support,D. Rossi,Portal,Finance,Toronto,0,0,Awaiting parts
INC1042213,2026-02-18 13:09:20,2026-02-18 13:29:41,2026-02-18 15:21:15,2026-02-21 15:21:15,2026-02-21 15:21:15,Closed,High,Email & Collaboration,Mailbox full,Collaboration,O. Byrne,Portal,Engineering,Toronto,0,0,
INC1030199,2025-07-28 17:18:15,2025-07-28 20:47:26,2025-07-30 16:19:21,2025-08-02 16:19:21,2025-08-02 16:19:21,Closed,Low,Printing,Driver install,Desktop Support,K. Brown,Portal,Finance,Mississauga,0,0,
INC1022953,2025-03-17 07:26:52,2025-03-17 09:03:40,2025-03-17 11:34:32,2025-03-20 11:34:32,2025-03-20 11:34:32,Closed,Medium,Software,Application crash,Desktop Support,P. Kaur,Email,Operations,Waterloo,0,0,
INC1046538,2026-04-30 08:59:58,2026-04-30 10:35:59,2026-04-30 20:13:57,2026-05-03 20:13:57,2026-05-03 20:13:57,Closed,Medium,Security,Malware alert,Security Operations,Z. Mensah,Email,Sales,Waterloo,0,0,
INC1001522,2024-01-29 15:34:13,2024-01-29 15:55:45,2024-01-29 18:09:10,2024-02-01 18:09:10,2024-02-01 18:09:10,Closed,High,Network & VPN,Wi-Fi drop-outs,Network Operations,G. Novak,Email,Finance,Mississauga,1,0,
INC1018312,2024-12-24 08:20:37,2024-12-24 13:02:47,2024-12-24 17:04:02,2024-12-27 17:04:02,2024-12-27 17:04:02,Closed,Low,Access & Identity,Account locked,Identity & Access,C. Lopez,Email,HR,Toronto,0,0,
INC1012623,2024-09-06 10:33:06,2024-09-06 13:03:25,2024-09-07 03:07:31,2024-09-10 03:07:31,2024-09-10 03:07:31,Closed,Low,network,Site outage,Network Operations,V. Ivanova,Portal,Operations,Toronto,1,0,
INC1040734,2026-01-23 12:18:42,2026-01-23 15:08:56,2026-01-24 18:17:13,2026-01-27 18:17:13,2026-01-27 18:17:13,Closed,Medium,Software,Update failure,Desktop Support,E. Walsh,Portal,Operations,Toronto,0,0,
INC1034125,2025-09-26 13:28:55,2025-09-26 16:55:36,2025-09-26 19:33:18,2025-09-29 19:33:18,2025-09-29 19:33:18,Closed,Medium,Network & VPN,Firewall rule request,Network Operations,G. Novak,Portal,Engineering,Waterloo,0,0,
INC1005453,2024-04-16 08:33:18,2024-04-16 08:44:32,2024-04-16 13:44:20,2024-04-19 13:44:20,2024-04-19 13:44:20,Closed,High,Hardware,Peripheral request,Desktop Support,K. Brown,Portal,Executive,Mississauga,1,0,
INC1004083,2024-03-20 12:26:58,2024-03-20 19:05:51,2024-03-22 10:24:45,2024-03-25 10:24:45,2024-03-25 10:24:45,Closed,Low,Software,Install request,Desktop Support,K. Brown,Email,Customer Care,Toronto,0,0,Awaiting vendor patch
INC1016073,2024-11-05 07:26:36,2024-11-05 14:28:10,2024-11-08 05:35:09,2024-11-11 05:35:09,2024-11-11 05:35:09,Closed,Low,Access & Identity,Shared drive access,Identity & Access,B. Kim,Email,Marketing,Toronto,2,0,Awaiting manager approval
INC1001296,2024-01-25 07:24:37,2024-01-25 14:57:41,2024-01-26 09:38:30,2024-01-29 09:38:30,2024-01-29 09:38:30,Closed,Low,Printing,Driver install,Desktop Support,P. Kaur,Portal,Customer Care,Toronto,1,0,
INC1034784,2025-10-05 13:21:22,2025-10-05 15:07:37,2025-10-05 18:43:15,2025-10-08 18:43:15,2025-10-08 18:43:15,Closed,Low,Access & Identity,MFA enrolment,Identity & Access,B. Kim,Phone,Finance,Mississauga,1,0,
INC1019711,2025-01-20 12:06:42,2025-01-20 15:56:30,2025-01-21 01:22:08,2025-01-24 01:22:08,2025-01-24 01:22:08,Closed,Medium,Network & VPN,Slow connection,Network Operations,G. Novak,Portal,Operations,Waterloo,1,0,
INC1023560,2025-03-27 14:29:18,2025-03-27 17:13:57,2025-03-28 04:05:19,2025-03-31 04:05:19,2025-03-31 04:05:19,Closed,Medium,Network & VPN,Wi-Fi drop-outs,Network Operations,G. Novak,Chat,Marketing,Waterloo,1,0,
INC1043711,2026-03-13 08:24:31,2026-03-13 10:49:03,2026-03-15 12:14:52,2026-03-18 12:14:52,2026-03-18 12:14:52,Closed,Medium,Network & VPN,Slow connection,Network Operations,V. Ivanova,Email,Finance,Toronto,0,0,Awaiting carrier / vendor
INC1006109,2024-04-29 09:39:46,2024-04-29 10:27:01,2024-04-29 23:08:56,2024-05-02 23:08:56,2024-05-02 23:08:56,Closed,Medium,Printing,Printer offline,Desktop Support,K. Brown,Email,Operations,Mississauga,1,0,
INC1046493,2026-04-29 12:09:43,2026-04-29 12:57:30,2026-04-29 20:56:23,2026-05-02 20:56:23,2026-05-02 20:56:23,Closed,High,Network & VPN,Wi-Fi drop-outs,Network Operations,G. Novak,Portal,Customer Care,Waterloo,1,1,Awaiting carrier / vendor
INC1049841,2026-06-28 00:31:54,2026-06-28 01:07:04,2026-06-28 23:30:07,,2026-06-28 23:30:07,In Progress,High,Security,Lost device,Security Operations,Y. Tanaka,Email,Sales,Toronto,2,0,
INC1019459,2025-01-15 13:44:40,2025-01-15 13:55:45,2025-01-15 15:58:30,2025-01-18 15:58:30,2025-01-18 15:58:30,Closed,Critical,Email & Collaboration,Shared mailbox access,Collaboration,O. Byrne,Portal,Engineering,Mississauga,1,0,
INC1039513,2026-01-03 10:42:33,2026-01-03 13:01:35,2026-01-03 16:46:50,2026-01-06 16:46:50,2026-01-06 16:46:50,Closed,Medium,Onboarding,New starter setup,Service Desk,L. Nguyen,Email,Customer Care,Ottawa,0,0,
INC1006319,2024-05-02 11:07:18,2024-05-02 11:44:08,2024-05-02 19:52:43,2024-05-05 19:52:43,2024-05-05 19:52:43,Closed,Medium,Hardware,Battery failure,Desktop Support,P. Kaur,Chat,HR,Ottawa,0,0,
INC1024834,2025-04-20 20:01:17,2025-04-20 22:10:42,2025-04-21 03:42:25,2025-04-24 03:42:25,2025-04-24 03:42:25,Closed,Low,Printing,Toner / paper jam,Desktop Support,D. Rossi,Email,Sales,Toronto,0,0,
INC1040279,2026-01-15 13:30:10,2026-01-15 13:36:34,2026-01-15 16:20:32,2026-01-18 16:20:32,2026-01-18 16:20:32,Closed,Critical,Network & VPN,VPN will not connect,Network Operations,V. Ivanova,Phone,Engineering,Toronto,1,0,
INC1043913,2026-03-17 07:07:47,2026-03-17 08:07:21,2026-03-17 11:48:37,2026-03-20 11:48:37,2026-03-20 11:48:37,Closed,Medium,Onboarding,Role change,Service Desk,R. Patel,Portal,Customer Care,Remote,1,0,
INC1033943,2025-09-25 10:17:24,2025-09-25 12:43:58,2025-09-25 23:32:06,2025-09-28 23:32:06,2025-09-28 23:32:06,Closed,Medium,Printing,Printer offline,Desktop Support,D. Rossi,Portal,Sales,Ottawa,1,0,
INC1035115,2025-10-08 15:26:50,2025-10-08 16:01:38,2025-10-09 02:06:54,2025-10-12 02:06:54,2025-10-12 02:06:54,Closed,Medium,Hardware,Battery failure,Desktop Support,E. Walsh,Chat,Operations,Toronto,0,0,
INC1030954,2025-08-12 13:32:12,2025-08-12 13:59:46,2025-08-12 17:40:06,2025-08-15 17:40:06,2025-08-15 17:40:06,Closed,High,Email & Collaboration,Calendar sync,Collaboration,N. Farah,Phone,Customer Care,Toronto,0,0,
INC1040159,2026-01-14 08:32:33,2026-01-14 09:17:11,2026-01-15 08:15:50,2026-01-18 08:15:50,2026-01-18 08:15:50,Closed,Medium,Access & Identity,MFA enrolment,Identity & Access,C. Lopez,Chat,Operations,Mississauga,2,0,
INC1046619,2026-05-01 10:13:35,2026-05-01 11:06:39,2026-05-01 21:56:17,2026-05-04 21:56:17,2026-05-04 21:56:17,Closed,Low,Email & Collaboration,Teams meeting issue,Collaboration,O. Byrne,Portal,Engineering,Ottawa,0,0,
INC1019072,2025-01-08 09:55:41,2025-01-08 13:45:51,2025-01-09 16:32:36,2025-01-12 16:32:36,2025-01-12 16:32:36,Closed,Low,Access & Identity,SSO error,Identity & Access,C. Lopez,Portal,Operations,Remote,1,0,
INC1038268,2025-12-05 12:15:34,2025-12-05 14:38:56,2025-12-05 18:30:26,2025-12-08 18:30:26,2025-12-08 18:30:26,Closed,Medium,Software,Update failure,Desktop Support,P. Kaur,Portal,Finance,Mississauga,0,0,
INC1021471,2025-02-14 18:43:19,2025-02-14 20:33:34,2025-02-15 02:42:29,2025-02-18 02:42:29,2025-02-18 02:42:29,Closed,Medium,Network & VPN,Firewall rule request,Network Operations,G. Novak,Email,HR,Toronto,0,0,
INC1024768,2025-04-18 13:11:46,2025-04-19 00:30:16,2025-04-20 02:15:38,2025-04-23 02:15:38,2025-04-23 02:15:38,Closed,Low,Software,Licence request,Desktop Support,E. Walsh,Portal,Executive,Toronto,0,0,
INC1037966,2025-11-28 13:01:45,2025-11-28 14:39:12,2025-11-28 18:36:53,2025-12-01 18:36:53,2025-12-01 18:36:53,Closed,Medium,print,Scan to email,Desktop Support,K. Brown,Portal,Sales,Mississauga,0,0,
INC1016013,2024-11-04 10:09:43,2024-11-04 18:10:44,2024-11-05 07:37:22,2024-11-08 07:37:22,2024-11-08 07:37:22,Closed,Low,Printing,Scan to email,Desktop Support,T. Martin,Portal,Sales,Ottawa,0,0,
INC1005827,2024-04-23 09:38:14,2024-04-23 10:43:03,2024-04-23 11:15:34,2024-04-26 11:15:34,2024-04-26 11:15:34,Closed,High,Software,Application crash,Desktop Support,T. Martin,Portal,Engineering,Waterloo,0,0,
INC1013883,2024-09-25 08:11:34,2024-09-25 08:47:22,2024-09-28 01:57:46,2024-10-01 01:57:46,2024-10-01 01:57:46,Closed,Medium,Hardware,Laptop fault,Desktop Support,K. Brown,Chat,HR,Mississauga,0,0,
INC1033642,2025-09-22 12:31:36,2025-09-22 13:48:07,2025-09-22 19:05:07,2025-09-25 19:05:07,2025-09-25 19:05:07,Closed,High,Network & VPN,Site outage,Network Operations,H. Silva,Portal,Sales,Toronto,1,0,
INC1027392,2025-06-06 09:27:01,2025-06-06 13:10:51,2025-06-06 19:07:28,2025-06-09 19:07:28,2025-06-09 19:07:28,Closed,Medium,Email & Collaboration,Shared mailbox access,Collaboration,N. Farah,Phone,Sales,Ottawa,1,0,
INC1042031,2026-02-16 09:37:11,2026-02-16 10:05:26,2026-02-17 00:37:03,2026-02-20 00:37:03,2026-02-20 00:37:03,Closed,Medium,Software,Install request,Desktop Support,E. Walsh,Portal,Engineering,Waterloo,0,0,
INC1008860,2024-06-24 09:10:13,2024-06-24 11:39:25,2024-06-24 21:19:26,2024-06-27 21:19:26,2024-06-27 21:19:26,Closed,Medium,Email & Collaboration,Mailbox full,Collaboration,N. Farah,Phone,Engineering,Waterloo,0,1,
INC1015898,2024-11-01 07:06:53,2024-11-01 07:47:57,2024-11-01 14:35:53,2024-11-04 14:35:53,2024-11-04 14:35:53,Closed,Medium,Email & Collaboration,Teams meeting issue,Collaboration,O. Byrne,Phone,Operations,Mississauga,0,0,
INC1029707,2025-07-18 11:30:57,2025-07-18 12:50:43,2025-08-26 19:03:43,2025-08-29 19:03:43,2025-08-29 19:03:43,Closed,Medium,Hardware,Monitor / dock,Desktop Support,K. Brown,Email,Finance,Mississauga,0,0,
INC1028804,2025-07-02 11:04:51,2025-07-02 11:59:33,2025-07-02 17:16:56,2025-07-05 17:16:56,2025-07-05 17:16:56,Closed,Medium,Access & Identity,Account locked,Identity & Access,B. Kim,Email,Customer Care,Ottawa,1,0,
INC1019109,2025-01-08 14:17:44,2025-01-08 17:47:08,2025-01-08 18:10:24,2025-01-11 18:10:24,2025-01-11 18:10:24,Closed,Medium,Email & Collaboration,Shared mailbox access,Collaboration,O. Byrne,Email,Engineering,Toronto,0,0,
INC1009801,2024-07-11 19:42:58,2024-07-11 22:06:19,2024-07-12 00:37:44,2024-07-15 00:37:44,2024-07-15 00:37:44,Closed,Medium,Email & Collaboration,Teams meeting issue,Collaboration,O. Byrne,Portal,Sales,Ottawa,0,0,
INC1046803,2026-05-05 11:42:14,2026-05-06 02:15:20,2026-05-07 12:15:57,2026-05-10 12:15:57,2026-05-10 12:15:57,Closed,Low,Network & VPN,VPN will not connect,Network Operations,V. Ivanova,Chat,Engineering,Remote,0,0,
INC1015385,2024-10-22 12:53:12,2024-10-22 14:30:17,2024-10-27 05:43:14,2024-10-30 05:43:14,2024-10-30 05:43:14,Closed,Medium,Software,Update failure,Desktop Support,P. Kaur,Phone,Engineering,Toronto,0,0,
INC1030311,2025-07-30 12:27:50,2025-07-30 14:13:18,2025-08-01 00:13:35,2025-08-04 00:13:35,2025-08-04 00:13:35,Closed,Medium,Access & Identity,Shared drive access,Identity & Access,F. Haddad,Portal,Operations,Waterloo,0,0,Awaiting manager approval
INC1049339,2026-06-18 13:00:07,2026-06-18 14:55:30,2026-06-18 15:08:19,2026-06-21 15:08:19,2026-06-21 15:08:19,Closed,Medium,Email & Collaboration,Shared mailbox access,Collaboration,N. Farah,Email,Operations,Ottawa,0,0,
INC1028551,2025-06-27 11:15:25,2025-06-27 12:15:51,2025-06-27 23:38:20,2025-06-30 23:38:20,2025-06-30 23:38:20,Closed,High,Access & Identity,Account locked,Identity & Access,C. Lopez,Portal,HR,Toronto,3,0,
INC1020632,2025-02-05 12:32:06,2025-02-05 17:51:44,2025-02-06 17:55:51,2025-02-09 17:55:51,2025-02-09 17:55:51,Closed,Low,Hardware,Battery failure,Desktop Support,E. Walsh,Email,Operations,Mississauga,0,0,
INC1035428,2025-10-13 11:10:26,2025-10-13 15:13:53,2025-10-13 18:23:22,2025-10-16 18:23:22,2025-10-16 18:23:22,Closed,Low,Email & Collaboration,Calendar sync,Collaboration,N. Farah,Portal,Engineering,Mississauga,0,0,
INC1000807,2024-01-16 12:03:14,2024-01-16 18:41:08,2024-01-16 19:25:20,2024-01-19 19:25:20,2024-01-19 19:25:20,Closed,Medium,Software,Application crash,Desktop Support,K. Brown,Chat,Finance,Ottawa,0,0,
INC1045184,2026-04-08 10:28:39,2026-04-08 15:29:32,2026-04-08 23:00:47,2026-04-11 23:00:47,2026-04-11 23:00:47,Closed,Medium,Hardware,Monitor / dock,Desktop Support,E. Walsh,Portal,Operations,Ottawa,0,0,
INC1000237,2024-01-04 14:38:00,2024-01-04 16:44:46,2024-01-06 10:27:02,2024-01-09 10:27:02,2024-01-09 10:27:02,Closed,Low,Software,Install request,Desktop Support,D. Rossi,Portal,Operations,Mississauga,0,0,
INC1014387,2024-10-03 12:58:26,2024-10-03 13:54:02,2024-10-04 00:22:50,2024-10-07 00:22:50,2024-10-07 00:22:50,Closed,Medium,Onboarding,Role change,Service Desk,L. Nguyen,Email,Customer Care,Toronto,0,0,
INC1036544,2025-11-03 09:52:02,2025-11-03 11:48:21,2025-11-04 00:05:47,2025-11-07 00:05:47,2025-11-07 00:05:47,Closed,Medium,Email & Collaboration,Mailbox full,Collaboration,N. Farah,Email,Operations,Mississauga,1,0,
INC1018330,2024-12-24 11:29:34,2024-12-24 17:38:50,2024-12-25 03:54:04,2024-12-28 03:54:04,2024-12-28 03:54:04,Closed,Low,HW,Battery failure,Desktop Support,E. Walsh,Portal,Finance,Remote,0,0,
INC1040436,2026-01-19 10:17:35,2026-01-19 10:29:31,2026-01-19 12:09:36,2026-01-22 12:09:36,2026-01-22 12:09:36,Closed,High,Network & VPN,Firewall rule request,Network Operations,V. Ivanova,Portal,Operations,Ottawa,0,0,
INC1024849,2025-04-21 09:56:20,2025-04-21 14:18:02,2025-04-22 06:41:44,2025-04-25 06:41:44,2025-04-25 06:41:44,Closed,Low,Hardware,Battery failure,Desktop Support,T. Martin,Portal,Engineering,Waterloo,1,0,
INC1032462,2025-09-09 07:52:05,2025-09-09 11:50:58,2025-09-10 10:22:57,2025-09-13 10:22:57,2025-09-13 10:22:57,Closed,Medium,Access & Identity,Shared drive access,Identity & Access,F. Haddad,Phone,Executive,Mississauga,1,0,
INC1017578,2024-12-04 14:06:49,2024-12-04 16:10:11,2024-12-04 21:05:37,2024-12-07 21:05:37,2024-12-07 21:05:37,Closed,Medium,InfoSec,Phishing report,Security Operations,Z. Mensah,Email,Engineering,Toronto,0,0,
INC1000007,2024-01-01 09:27:45,2024-01-01 15:16:34,2024-01-03 11:45:31,2024-01-06 11:45:31,2024-01-06 11:45:31,Closed,Low,Hardware,Battery failure,Desktop Support,T. Martin,Email,Customer Care,Toronto,0,0,
INC1007375,2024-05-24 12:52:41,2024-05-24 19:18:26,2024-05-25 01:18:18,2024-05-28 01:18:18,2024-05-28 01:18:18,Closed,Low,Printing,Driver install,Desktop Support,E. Walsh,Portal,Sales,Toronto,0,0,
INC1021580,2025-02-17 15:17:19,2025-02-17 16:28:56,2025-02-18 16:30:51,2025-02-21 16:30:51,2025-02-21 16:30:51,Closed,Low,Network & VPN,Wi-Fi drop-outs,Network Operations,H. Silva,Chat,Executive,Toronto,0,0,
INC1013313,2024-09-16 12:29:20,2024-09-16 12:37:43,2024-09-16 19:49:07,2024-09-19 19:49:07,2024-09-19 19:49:07,Closed,High,Software,Install request,Desktop Support,E. Walsh,Email,Engineering,Toronto,1,0,
INC1012247,2024-09-01 20:23:42,2024-09-01 21:30:21,2024-09-01 22:31:29,2024-09-04 22:31:29,2024-09-04 22:31:29,Closed,Medium,Access & Identity,Account locked,Identity & Access,C. Lopez,Email,Sales,Toronto,0,0,
INC1024118,2025-04-07 11:32:20,2025-04-07 11:41:21,2025-04-07 12:04:47,2025-04-10 12:04:47,2025-04-10 12:04:47,Closed,Critical,Security,Phishing report,Security Operations,Z. Mensah,Portal,Engineering,Mississauga,0,0,
INC1021880,2025-02-23 23:25:10,2025-02-23 23:30:17,2025-02-22 03:48:48,2025-02-27 01:34:38,2025-02-27 01:34:38,Closed,Critical,Network & VPN,Site outage,Network Operations,H. Silva,Portal,Sales,Toronto,0,0,
INC1030841,2025-08-10 17:35:48,2025-08-10 20:26:57,2025-08-11 17:37:46,2025-08-14 17:37:46,2025-08-14 17:37:46,Closed,Low,Access & Identity,Account locked,Identity & Access,C. Lopez,Portal,Operations,Toronto,0,0,
INC1008385,2024-06-13 13:50:48,2024-06-13 14:23:58,2024-06-13 17:55:48,2024-06-16 17:55:48,2024-06-16 17:55:48,Closed,High,Email & Collaboration,Shared mailbox access,Collaboration,O. Byrne,Portal,Engineering,Toronto,0,0,
INC1029968,2025-07-23 16:21:42,2025-07-23 18:27:53,2025-07-23 21:43:22,2025-07-26 21:43:22,2025-07-26 21:43:22,Closed,Medium,Onboarding,New starter setup,Service Desk,M. Chen,Phone,Operations,Toronto,0,0,
INC1027687,2025-06-12 08:24:45,2025-06-12 09:20:05,2025-06-12 13:49:57,2025-06-15 13:49:57,2025-06-15 13:49:57,Closed,Medium,Onboarding,Role change,Service Desk,R. Patel,Portal,Sales,Waterloo,0,0,
INC1028735,2025-07-01 11:19:59,2025-07-01 12:43:28,2025-07-01 16:45:40,2025-07-04 16:45:40,2025-07-04 16:45:40,Closed,Medium,Onboarding,Role change,Service Desk,R. Patel,Email,Customer Care,Waterloo,0,0,
INC1007549,2024-05-29 08:10:58,2024-05-29 09:55:25,2024-05-30 11:44:21,2024-06-02 11:44:21,2024-06-02 11:44:21,Closed,Low,Email & Collaboration,Calendar sync,Collaboration,O. Byrne,Email,Operations,Toronto,0,0,
INC1007601,2024-05-29 15:17:41,2024-05-29 18:59:13,2024-05-30 16:10:14,2024-06-02 16:10:14,2024-06-02 16:10:14,Closed,Low,Network & VPN,Firewall rule request,Network Operations,H. Silva,Email,Engineering,Waterloo,2,0,
INC1030885,2025-08-11 11:52:11,2025-08-11 13:50:57,2025-08-11 19:19:37,2025-08-14 19:19:37,2025-08-14 19:19:37,Closed,Medium,Onboarding,Leaver deprovisioning,Service Desk,A. Singh,Portal,Sales,Waterloo,0,0,
INC1020175,2025-01-28 09:23:09,2025-01-28 11:06:39,2025-01-29 02:22:49,2025-02-01 02:22:49,2025-02-01 02:22:49,Closed,Low,Software,Update failure,Desktop Support,T. Martin,Email,Finance,Toronto,0,0,
INC1012402,2024-09-03 14:39:07,2024-09-03 21:25:00,2024-09-05 08:14:28,2024-09-08 08:14:28,2024-09-08 08:14:28,Closed,Low,Software,Update failure,Desktop Support,D. Rossi,Portal,Engineering,Mississauga,1,0,
INC1039788,2026-01-07 15:44:22,2026-01-07 19:15:02,2026-01-10 04:41:29,2026-01-13 04:41:29,2026-01-13 04:41:29,Closed,Medium,Network & VPN,Slow connection,Network Operations,H. Silva,Email,Engineering,Toronto,0,0,Awaiting carrier / vendor
INC1015827,2024-10-30 17:16:47,2024-10-30 18:28:49,2024-10-30 23:25:39,2024-11-02 23:25:39,2024-11-02 23:25:39,Closed,Medium,Email & Collaboration,Mailbox full,Collaboration,N. Farah,Email,Operations,Toronto,1,0,
INC1008190,2024-06-10 13:11:02,2024-06-10 14:59:45,2024-06-10 22:09:56,2024-06-13 22:09:56,2024-06-13 22:09:56,Closed,Medium,Access & Identity,Shared drive access,Identity & Access,B. Kim,Portal,Operations,Remote,0,0,
INC1039152,2025-12-26 11:14:16,2025-12-26 11:18:32,2025-12-26 13:03:26,2025-12-29 13:03:26,2025-12-29 13:03:26,Closed,Critical,Network & VPN,Wi-Fi drop-outs,Network Operations,V. Ivanova,Email,Customer Care,Toronto,1,0,
INC1028510,2025-06-26 14:13:37,2025-06-26 15:14:09,2025-06-26 16:34:40,2025-06-29 16:34:40,2025-06-29 16:34:40,Closed,High,Hardware,Monitor / dock,Desktop Support,P. Kaur,Portal,Customer Care,Toronto,0,0,
INC1003148,2024-03-01 09:27:27,2024-03-01 09:33:11,2024-03-01 10:00:05,2024-03-04 10:00:05,2024-03-04 10:00:05,Closed,Critical,Security,Malware alert,Security Operations,Y. Tanaka,Chat,Executive,Mississauga,0,0,
INC1046475,2026-04-29 10:49:02,2026-04-29 13:00:49,2026-04-29 16:04:03,2026-05-02 16:04:03,2026-05-02 16:04:03,Closed,Medium,Software,Update failure,Desktop Support,T. Martin,Email,Sales,Toronto,0,0,
INC1046498,2026-04-29 12:22:35,2026-04-29 14:30:40,2026-04-30 00:49:29,2026-05-03 00:49:29,2026-05-03 00:49:29,Closed,Medium,Hardware,Laptop fault,Desktop Support,P. Kaur,Portal,Finance,Toronto,0,0,
INC1032239,2025-09-05 10:47:49,2025-09-05 12:22:25,2025-09-06 14:02:07,2025-09-09 14:02:07,2025-09-09 14:02:07,Closed,Medium,Onboarding,Leaver deprovisioning,Service Desk,J. Okafor,Portal,Sales,Waterloo,0,1,
INC1049672,2026-06-24 13:38:14,2026-06-24 15:15:08,2026-06-25 07:57:07,2026-06-28 07:57:07,2026-06-28 07:57:07,Closed,Medium,Onboarding,Role change,Service Desk,R. Patel,Portal,Engineering,Toronto,0,1,
INC1021141,2025-02-12 10:08:11,2025-02-12 15:05:45,2025-02-13 09:53:31,2025-02-16 09:53:31,2025-02-16 09:53:31,Closed,Low,Email & Collaboration,Teams meeting issue,Collaboration,N. Farah,Portal,Sales,Toronto,0,0,
INC1021630,2025-02-18 12:34:46,2025-02-18 13:14:32,2025-02-19 01:07:47,2025-02-22 01:07:47,2025-02-22 01:07:47,Closed,Medium,Software,Licence request,Desktop Support,P. Kaur,Portal,Executive,Remote,0,0,
INC1010363,2024-07-23 13:16:00,2024-07-23 14:45:46,2024-07-23 23:05:41,2024-07-26 23:05:41,2024-07-26 23:05:41,Closed,Medium,Onboarding,New starter setup,Service Desk,R. Patel,Portal,Sales,Remote,1,0,
INC1002161,2024-02-10 18:25:37,2024-02-10 18:37:08,2024-02-14 10:58:09,2024-02-17 10:58:09,2024-02-17 10:58:09,Closed,High,Printing,Toner / paper jam,Desktop Support,D. Rossi,Portal,Executive,Toronto,0,0,
INC1029331,2025-07-11 12:33:10,2025-07-11 19:35:12,2025-07-13 17:10:12,2025-07-16 17:10:12,2025-07-16 17:10:12,Closed,Low,Software,Application crash,Desktop Support,K. Brown,Phone,Engineering,Mississauga,0,0,
INC1035268,2025-10-10 10:34:27,2025-10-10 14:55:10,2025-10-12 09:24:17,2025-10-15 09:24:17,2025-10-15 09:24:17,Closed,Low,Email & Collaboration,Calendar sync,Collaboration,N. Farah,Portal,Marketing,Ottawa,0,0,
INC1043664,2026-03-12 12:18:17,2026-03-12 17:27:02,2026-03-12 21:35:39,2026-03-15 21:35:39,2026-03-15 21:35:39,Closed,Medium,Printing,Scan to email,Desktop Support,T. Martin,Portal,Finance,Remote,0,0,
INC1020900,2025-02-10 12:01:38,2025-02-10 13:30:03,2025-02-10 20:29:12,2025-02-13 20:29:12,2025-02-13 20:29:12,Closed,Medium,Onboarding,New starter setup,Service Desk,L. Nguyen,Phone,Engineering,Ottawa,0,0,
INC1039811,2026-01-08 09:08:49,2026-01-08 09:57:23,2026-01-08 10:02:47,2026-01-11 10:02:47,2026-01-11 10:02:47,Closed,High,Email & Collaboration,Shared mailbox access,Collaboration,N. Farah,Email,Operations,Waterloo,0,0,
INC1039124,2025-12-25 17:48:08,2025-12-25 20:00:00,2025-12-26 02:43:54,2025-12-29 02:43:54,2025-12-29 02:43:54,Closed,Medium,Software,Licence request,Desktop Support,E. Walsh,Portal,Sales,Ottawa,1,0,
INC1025027,2025-04-23 09:39:29,2025-04-23 10:11:27,2025-04-23 13:34:28,2025-04-26 13:34:28,2025-04-26 13:34:28,Closed,Medium,Onboarding,New starter setup,Service Desk,M. Chen,Chat,Sales,Remote,1,0,
INC1002599,2024-02-19 15:19:28,2024-02-19 18:14:27,2024-02-21 07:17:27,2024-02-24 07:17:27,2024-02-24 07:17:27,Closed,Low,Email & Collaboration,Teams meeting issue,Collaboration,N. Farah,Email,Engineering,Mississauga,1,0,
INC1027853,2025-06-16 07:19:18,2025-06-16 10:02:12,2025-06-17 23:55:37,2025-06-20 23:55:37,2025-06-20 23:55:37,Closed,Low,Software,Application crash,Desktop Support,T. Martin,Phone,Customer Care,Waterloo,0,1,
INC1033376,2025-09-18 12:22:36,2025-09-18 19:28:46,2025-09-19 00:06:38,2025-09-22 00:06:38,2025-09-22 00:06:38,Closed,Low,Printing,Driver install,Desktop Support,D. Rossi,Email,Customer Care,Ottawa,0,0,
INC1017475,2024-12-02 15:08:22,2024-12-02 19:33:12,2024-12-03 18:18:32,2024-12-06 18:18:32,2024-12-06 18:18:32,Closed,Low,Access & Identity,MFA enrolment,Identity & Access,F. Haddad,Chat,Marketing,Toronto,2,0,
INC1027875,2025-06-16 11:14:14,2025-06-16 13:36:24,2025-06-16 23:02:00,2025-06-19 23:02:00,2025-06-19 23:02:00,Closed,med,Network & VPN,Site outage,Network Operations,G. Novak,Portal,Customer Care,Ottawa,2,0,
INC1024602,2025-04-16 09:31:39,2025-04-16 13:07:36,2025-04-17 01:29:54,2025-04-20 01:29:54,2025-04-20 01:29:54,Closed,Medium,Hardware,Laptop fault,Desktop Support,E. Walsh,Portal,Customer Care,Ottawa,0,0,
INC1021414,2025-02-14 12:00:44,2025-02-14 12:32:09,2025-02-14 23:38:13,2025-02-17 23:38:13,2025-02-17 23:38:13,Closed,High,Network & VPN,Wi-Fi drop-outs,Network Operations,G. Novak,Email,Operations,Mississauga,1,0,Awaiting carrier / vendor
INC1007355,2024-05-24 10:43:31,2024-05-24 12:06:56,2024-05-25 14:22:22,2024-05-28 14:22:22,2024-05-28 14:22:22,Closed,Medium,Access & Identity,MFA enrolment,Identity & Access,C. Lopez,Portal,Operations,Remote,1,1,
INC1037653,2025-11-23 03:20:07,2025-11-23 04:19:40,2025-11-23 11:20:22,2025-11-26 11:20:22,2025-11-26 11:20:22,Closed,Medium,Access & Identity,Shared drive access,Identity & Access,C. Lopez,Portal,Operations,Toronto,0,0,
INC1001039,2024-01-20 02:59:09,2024-01-20 05:41:34,2024-01-20 10:27:11,2024-01-23 10:27:11,2024-01-23 10:27:11,Closed,Low,Security,Suspicious sign-in,Security Operations,Y. Tanaka,Portal,Operations,Ottawa,0,0,
INC1043777,2026-03-13 13:47:54,2026-03-13 15:09:45,2026-03-14 03:12:24,2026-03-17 03:12:24,2026-03-17 03:12:24,Closed,Low,Email & Collaboration,Calendar sync,Collaboration,O. Byrne,Portal,Engineering,Toronto,0,0,
INC1024344,2025-04-10 12:11:14,2025-04-10 13:10:03,2025-04-10 20:35:23,2025-04-13 20:35:23,2025-04-13 20:35:23,Closed,Medium,Printing,Scan to email,Desktop Support,E. Walsh,Portal,Engineering,Waterloo,0,0,
INC1031475,2025-08-22 10:40:57,2025-08-22 13:55:40,2025-08-23 10:32:13,2025-08-26 10:32:13,2025-08-26 10:32:13,Closed,P3,Software,Application crash,Desktop Support,K. Brown,Email,HR,Remote,1,0,
INC1018717,2025-01-02 10:57:17,2025-01-02 19:05:07,2025-01-04 07:48:31,2025-01-07 07:48:31,2025-01-07 07:48:31,Closed,Low,Access & Identity,Permission request,Identity & Access,C. Lopez,Chat,Marketing,Toronto,1,0,
INC1039014,2025-12-23 13:06:17,2025-12-23 14:29:30,2025-12-24 05:49:36,2025-12-27 05:49:36,2025-12-27 05:49:36,Closed,Low,Software,Licence request,Desktop Support,D. Rossi,Portal,Operations,Waterloo,1,0,
INC1031843,2025-08-29 13:54:35,2025-08-29 14:41:08,2025-08-30 10:14:47,2025-09-02 10:14:47,2025-09-02 10:14:47,Closed,Medium,Onboarding,New starter setup,Service Desk,S. Ahmed,Email,HR,Ottawa,1,0,
INC1043922,2026-03-17 09:58:17,2026-03-17 14:01:43,2026-03-17 15:56:02,2026-03-20 15:56:02,2026-03-20 15:56:02,Closed,Low,Email & Collaboration,Mailbox full,Collaboration,N. Farah,Email,Customer Care,Waterloo,0,0,
INC1017288,2024-11-28 11:16:46,2024-11-28 19:31:38,2024-11-28 23:36:15,2024-12-01 23:36:15,2024-12-01 23:36:15,Closed,Low,Printing,Scan to email,Desktop Support,D. Rossi,Portal,HR,Toronto,0,0,
INC1048391,2026-06-02 09:53:00,2026-06-02 12:56:25,2026-06-02 20:00:07,2026-06-05 20:00:07,2026-06-05 20:00:07,Closed,Medium,Network & VPN,Firewall rule request,Network Operations,G. Novak,Chat,Operations,Ottawa,2,0,
INC1010545,2024-07-26 12:48:33,2024-07-26 14:00:12,2024-07-29 02:02:05,2024-08-01 02:02:05,2024-08-01 02:02:05,Closed,Low,Email & Collaboration,Mailbox full,Collaboration,O. Byrne,Portal,Operations,Toronto,0,1,
INC1012077,2024-08-28 09:36:27,2024-08-28 11:10:39,2024-08-29 01:52:52,2024-09-01 01:52:52,2024-09-01 01:52:52,Closed,Medium,Security,Malware alert,Security Operations,Y. Tanaka,Phone,Operations,Remote,0,0,
INC1045411,2026-04-12 20:29:04,2026-04-12 23:12:06,2026-04-13 03:54:27,2026-04-16 03:54:27,2026-04-16 03:54:27,Closed,Medium,Email & Collaboration,Teams meeting issue,Collaboration,N. Farah,Phone,HR,Toronto,0,0,
INC1010572,2024-07-27 11:01:04,2024-07-27 11:07:44,2024-08-02 06:56:46,2024-08-05 06:56:46,2024-08-05 06:56:46,Closed,Critical,Hardware,Monitor / dock,Desktop Support,K. Brown,Portal,Marketing,Ottawa,0,0,
INC1013474,2024-09-18 09:55:19,2024-09-18 12:57:58,2024-09-19 03:34:57,2024-09-22 03:34:57,2024-09-22 03:34:57,Closed,Medium,Email & Collaboration,Shared mailbox access,Collaboration,O. Byrne,Portal,Customer Care,Ottawa,1,0,
INC1029681,2025-07-18 08:47:35,2025-07-18 10:08:47,2025-07-18 11:09:39,2025-07-21 11:09:39,2025-07-21 11:09:39,Closed,P2,Email & Collaboration,Shared mailbox access,Collaboration,N. Farah,Phone,Customer Care,Toronto,1,0,
INC1017800,2024-12-10 11:17:53,2024-12-10 13:41:06,2024-12-10 17:34:55,2024-12-13 17:34:55,2024-12-13 17:34:55,Closed,Medium,Access & Identity,Shared drive access,Identity & Access,F. Haddad,Email,Operations,Toronto,0,0,
INC1012442,2024-09-04 11:01:05,2024-09-04 14:29:05,2024-09-04 17:58:41,2024-09-07 17:58:41,2024-09-07 17:58:41,Closed,Medium,Software,Licence request,Desktop Support,E. Walsh,Phone,Customer Care,Toronto,0,0,
INC1006485,2024-05-06 13:13:27,2024-05-06 15:01:22,2024-05-06 18:40:39,2024-05-09 18:40:39,2024-05-09 18:40:39,Closed,Medium,Software,Application crash,Desktop Support,T. Martin,Email,Customer Care,Toronto,0,0,
INC1021990,2025-02-25 12:39:32,2025-02-25 16:51:58,,,2025-02-25 13:24:32,In Progress,Low,Network & VPN,Firewall rule request,Network Operations,H. Silva,Email,Customer Care,Ottawa,1,0,
INC1002113,2024-02-09 10:48:47,2024-02-09 11:42:13,2024-02-09 13:07:16,2024-02-12 13:07:16,2024-02-12 13:07:16,Closed,High,Security,Malware alert,Security Operations,Z. Mensah,Portal,Finance,Ottawa,0,0,
INC1015474,2024-10-24 10:11:16,2024-10-24 10:35:07,2024-10-24 11:18:35,2024-10-27 11:18:35,2024-10-27 11:18:35,Closed,P2,Software,Application crash,Desktop Support,D. Rossi,Chat,Engineering,Remote,0,0,
INC1027162,2025-06-02 12:50:25,2025-06-02 13:03:37,2025-06-02 19:52:47,2025-06-05 19:52:47,2025-06-05 19:52:47,Closed,High,Hardware,Monitor / dock,Desktop Support,K. Brown,Phone,Finance,Remote,1,0,
INC1016472,2024-11-13 07:04:29,2024-11-13 13:19:02,2024-11-13 18:29:55,2024-11-16 18:29:55,2024-11-16 18:29:55,Closed,Low,Access & Identity,MFA enrolment,Identity & Access,B. Kim,Email,Sales,Ottawa,0,0,
INC1007470,2024-05-27 13:53:34,2024-05-27 16:59:17,2024-05-28 07:22:19,2024-05-31 07:22:19,2024-05-31 07:22:19,Closed,Low,Onboarding,Leaver deprovisioning,Service Desk,J. Okafor,Email,Sales,Toronto,0,0,
INC1031895,2025-08-31 18:35:16,2025-09-01 13:41:26,2025-09-04 08:01:57,2025-09-07 08:01:57,2025-09-07 08:01:57,Closed,Low,Onboarding,Role change,Service Desk,S. Ahmed,Portal,Customer Care,Toronto,0,0,
INC1041929,2026-02-13 09:52:56,2026-02-13 11:39:12,2026-02-13 18:48:07,2026-02-16 18:48:07,2026-02-16 18:48:07,Closed,Medium,Email & Collaboration,Calendar sync,Collaboration,N. Farah,Phone,Sales,Ottawa,0,0,
INC1036088,2025-10-24 10:32:53,2025-10-24 13:15:43,2025-10-26 00:11:27,2025-10-29 00:11:27,2025-10-29 00:11:27,Closed,Low,Access & Identity,Permission request,Identity & Access,F. Haddad,Portal,Executive,Mississauga,1,0,
INC1005188,2024-04-10 12:07:38,2024-04-10 12:54:11,2024-04-10 18:17:13,2024-04-13 18:17:13,2024-04-13 18:17:13,Closed,High,Access & Identity,SSO error,Identity & Access,F. Haddad,Portal,Sales,Waterloo,0,0,Awaiting manager approval
INC1006197,2024-04-30 11:11:35,2024-04-30 12:16:05,2024-05-02 04:24:32,2024-05-05 04:24:32,2024-05-05 04:24:32,Closed,Low,Access & Identity,SSO error,Identity & Access,B. Kim,Email,Operations,Toronto,0,0,
INC1017793,2024-12-10 10:24:04,2024-12-10 10:38:49,2024-12-12 18:50:37,2024-12-15 18:50:37,2024-12-15 18:50:37,Closed,High,Onboarding,New starter setup,Service Desk,R. Patel,Portal,Sales,Mississauga,0,0,
INC1017303,2024-11-28 12:38:09,2024-11-28 12:43:37,2024-11-28 15:45:02,2024-12-01 15:45:02,2024-12-01 15:45:02,Closed,Critical,Security,Malware alert,Security Operations,Y. Tanaka,Portal,Operations,Toronto,1,0,
INC1012421,2024-09-04 08:23:41,2024-09-04 10:29:51,2024-09-04 15:29:02,2024-09-07 15:29:02,2024-09-07 15:29:02,Closed,Medium,Email & Collaboration,Shared mailbox access,Collaboration,N. Farah,Email,Finance,Toronto,0,0,
INC1005146,2024-04-09 16:38:58,2024-04-09 21:21:37,2024-04-12 08:37:12,2024-04-15 08:37:12,2024-04-15 08:37:12,Closed,Low,Identity/Access,Permission request,Identity & Access,B. Kim,Portal,Customer Care,Toronto,0,0,Awaiting manager approval
INC1000792,2024-01-16 10:26:16,2024-01-16 12:15:14,2024-01-18 10:46:45,2024-01-21 10:46:45,2024-01-21 10:46:45,Closed,Medium,Access & Identity,Shared drive access,Identity & Access,C. Lopez,Email,Engineering,Mississauga,2,0,
INC1011572,2024-08-16 15:34:24,2024-08-17 04:48:20,2024-08-19 02:46:47,2024-08-22 02:46:47,2024-08-22 02:46:47,Closed,Low,Hardware,Laptop fault,Desktop Support,E. Walsh,Email,Sales,Toronto,0,0,Awaiting parts
INC1043060,2026-03-04 17:31:00,2026-03-04 18:31:04,2026-03-06 07:16:13,2026-03-09 07:16:13,2026-03-09 07:16:13,Closed,Medium,Access & Identity,Permission request,Identity & Access,B. Kim,Email,Finance,Remote,2,0,
INC1034275,2025-09-29 13:16:19,2025-09-29 17:30:46,2025-09-30 02:03:32,2025-10-03 02:03:32,2025-10-03 02:03:32,Closed,Low,Software,Application crash,Desktop Support,D. Rossi,Portal,Customer Care,Toronto,1,0,
INC1006287,2024-05-01 16:17:05,2024-05-01 16:32:34,2024-05-03 13:19:01,2024-05-06 13:19:01,2024-05-06 13:19:01,Closed,Medium,Access & Identity,MFA enrolment,Identity & Access,C. Lopez,Phone,Engineering,Toronto,0,0,Awaiting manager approval
INC1042937,2026-03-03 12:47:06,2026-03-03 15:21:12,2026-03-04 10:17:55,2026-03-07 10:17:55,2026-03-07 10:17:55,Closed,Low,Access & Identity,Account locked,Identity & Access,B. Kim,Email,Marketing,Remote,0,0,Awaiting manager approval
INC1041524,2026-02-05 13:55:03,2026-02-05 15:23:16,2026-02-06 10:34:29,2026-02-09 10:34:29,2026-02-09 10:34:29,Closed,Low,Access & Identity,Permission request,Identity & Access,F. Haddad,Email,Marketing,Toronto,0,0,
INC1016438,2024-11-12 11:14:22,2024-11-12 11:55:53,2024-11-12 15:18:10,2024-11-15 15:18:10,2024-11-15 15:18:10,Closed,Medium,Printing,Scan to email,Desktop Support,D. Rossi,Portal,Operations,Ottawa,0,0,
INC1018171,2024-12-19 16:07:12,2024-12-19 17:08:41,2024-12-19 21:44:49,2024-12-22 21:44:49,2024-12-22 21:44:49,Closed,Medium,Network & VPN,Slow connection,Network Operations,G. Novak,Email,Customer Care,Waterloo,0,0,
INC1012368,2024-09-03 11:06:30,2024-09-03 15:50:49,2024-09-04 10:59:30,2024-09-07 10:59:30,2024-09-07 10:59:30,Closed,Low,Onboarding,New starter setup,Service Desk,A. Singh,Portal,Marketing,Toronto,0,0,
INC1033301,2025-09-17 15:16:06,2025-09-17 15:50:45,2025-09-17 19:16:44,2025-09-20 19:16:44,2025-09-20 19:16:44,Closed,High,Hardware,Laptop fault,Desktop Support,E. Walsh,Chat,Engineering,Toronto,1,0,
INC1033013,2025-09-15 12:07:13,2025-09-15 16:44:47,2025-09-16 13:34:40,2025-09-19 13:34:40,2025-09-19 13:34:40,Closed,Medium,Hardware,Battery failure,Desktop Support,K. Brown,Chat,HR,Toronto,0,1,
INC1018270,2024-12-23 08:38:59,2024-12-23 08:50:47,2024-12-23 18:33:19,2024-12-26 18:33:19,2024-12-26 18:33:19,Closed,High,Access & Identity,Permission request,Identity & Access,C. Lopez,Email,Customer Care,Toronto,1,0,
INC1026094,2025-05-13 09:43:11,2025-05-13 12:10:13,2025-05-14 12:25:24,2025-05-17 12:25:24,2025-05-17 12:25:24,Closed,Low,Printing,Scan to email,Desktop Support,D. Rossi,Portal,Executive,Waterloo,0,0,
INC1020050,2025-01-25 14:46:53,2025-01-25 15:49:21,2025-01-26 02:48:39,2025-01-29 02:48:39,2025-01-29 02:48:39,Closed,Medium,Email & Collaboration,Teams meeting issue,Collaboration,N. Farah,Portal,Customer Care,Toronto,1,0,
INC1022614,2025-03-10 08:45:53,2025-03-10 09:28:39,2025-03-10 12:40:36,2025-03-13 12:40:36,2025-03-13 12:40:36,Closed,Medium,Software,Application crash,Desktop Support,E. Walsh,Email,Sales,Ottawa,0,0,
INC1047780,2026-05-21 14:25:08,2026-05-21 16:41:55,2026-05-21 19:06:39,2026-05-24 19:06:39,2026-05-24 19:06:39,Closed,Medium,Access & Identity,Permission request,Identity & Access,B. Kim,Phone,Marketing,Ottawa,0,0,
INC1012885,2024-09-10 11:32:03,2024-09-10 14:06:09,2024-09-10 15:53:18,2024-09-13 15:53:18,2024-09-13 15:53:18,Closed,Medium,Access & Identity,SSO error,Identity & Access,C. Lopez,Portal,Executive,Ottawa,0,0,
INC1006935,2024-05-15 15:50:58,2024-05-15 16:27:17,2024-05-16 06:33:44,2024-05-19 06:33:44,2024-05-19 06:33:44,Closed,Medium,Access & Identity,Permission request,Identity & Access,B. Kim,Email,HR,Toronto,0,0,
INC1026894,2025-05-28 11:47:32,2025-05-28 13:36:52,2025-05-29 15:04:14,2025-06-01 15:04:14,2025-06-01 15:04:14,Closed,Low,Access & Identity,MFA enrolment,Identity & Access,F. Haddad,Phone,Engineering,Toronto,1,0,
INC1023839,2025-04-02 06:44:55,2025-04-02 08:00:11,2025-04-03 02:55:03,2025-04-06 02:55:03,2025-04-06 02:55:03,Closed,low,Access & Identity,MFA enrolment,Identity & Access,F. Haddad,Portal,Finance,Waterloo,0,1,
INC1031451,2025-08-22 08:27:42,2025-08-22 09:20:42,2025-08-24 08:15:07,2025-08-27 08:15:07,2025-08-27 08:15:07,Closed,Low,Software,Install request,Desktop Support,P. Kaur,Email,Engineering,Waterloo,0,0,
INC1013303,2024-09-16 11:33:11,2024-09-16 12:51:36,2024-09-18 03:28:08,2024-09-21 03:28:08,2024-09-21 03:28:08,Closed,Low,Onboarding,Role change,Service Desk,M. Chen,Phone,Customer Care,Toronto,1,0,
INC1047288,2026-05-13 12:01:31,2026-05-13 17:00:16,2026-05-15 08:22:51,2026-05-18 08:22:51,2026-05-18 08:22:51,Closed,Low,Hardware,Monitor / dock,Desktop Support,K. Brown,Email,Sales,Toronto,0,0,
INC1005421,2024-04-15 12:16:04,2024-04-15 15:26:56,2024-04-15 18:41:08,2024-04-18 18:41:08,2024-04-18 18:41:08,Closed,Medium,Onboarding,New starter setup,Service Desk,L. Nguyen,Portal,Executive,Toronto,0,0,
INC1040650,2026-01-22 11:37:49,2026-01-22 12:07:12,2026-01-23 05:54:27,2026-01-26 05:54:27,2026-01-26 05:54:27,Closed,Medium,Software,Install request,Desktop Support,D. Rossi,Portal,Customer Care,Toronto,0,0,
INC1022924,2025-03-15 04:55:57,2025-03-15 07:34:23,2025-03-18 10:01:35,2025-03-21 10:01:35,2025-03-21 10:01:35,Closed,P4,Hardware,Laptop fault,Desktop Support,P. Kaur,Email,Executive,Waterloo,0,0,
INC1023702,2025-03-31 09:50:12,2025-03-31 10:40:15,2025-03-31 10:45:48,2025-04-03 10:45:48,2025-04-03 10:45:48,Closed,Medium,Onboarding,Leaver deprovisioning,Service Desk,A. Singh,Email,Operations,Remote,0,0,
INC1000684,2024-01-13 13:53:41,2024-01-13 16:23:29,2024-01-14 08:45:02,2024-01-17 08:45:02,2024-01-17 08:45:02,Closed,Medium,Network & VPN,Slow connection,Network Operations,V. Ivanova,Portal,Operations,Mississauga,2,0,
INC1048511,2026-06-04 09:36:18,2026-06-04 11:06:07,2026-06-04 16:03:34,2026-06-07 16:03:34,2026-06-07 16:03:34,Closed,Medium,Software,Update failure,Desktop Support,T. Martin,Portal,Sales,Waterloo,0,0,
INC1049741,2026-06-25 13:46:31,2026-06-25 14:17:39,2026-06-25 21:51:54,2026-06-28 21:51:54,2026-06-28 21:51:54,Closed,Medium,Network & VPN,Wi-Fi drop-outs,Network Operations,H. Silva,Portal,Operations,Remote,1,0,
INC1043285,2026-03-08 12:23:35,2026-03-08 14:12:50,2026-03-09 03:00:22,2026-03-12 03:00:22,2026-03-12 03:00:22,Closed,Low,Access & Identity,Account locked,Identity & Access,B. Kim,Portal,Engineering,Waterloo,1,0,
INC1033526,2025-09-19 15:07:55,2025-09-19 17:22:03,2025-09-20 05:14:46,2025-09-23 05:14:46,2025-09-23 05:14:46,Closed,Medium,Onboarding,Role change,Service Desk,R. Patel,Portal,Customer Care,Toronto,0,0,
INC1005572,2024-04-18 07:26:40,2024-04-18 14:25:04,2024-04-23 10:55:31,2024-04-26 10:55:31,2024-04-26 10:55:31,Closed,Low,Software,Install request,Desktop Support,K. Brown,Phone,Operations,Mississauga,0,1,
INC1036427,2025-10-31 09:30:31,2025-10-31 16:53:33,2025-10-31 22:51:46,2025-11-03 22:51:46,2025-11-03 22:51:46,Closed,Medium,Software,Licence request,Desktop Support,D. Rossi,Portal,Engineering,Toronto,0,0,
INC1047328,2026-05-14 08:31:40,2026-05-14 09:46:51,2026-05-17 00:26:42,2026-05-20 00:26:42,2026-05-20 00:26:42,Closed,Low,Access & Identity,SSO error,Identity & Access,F. Haddad,Phone,Marketing,Ottawa,1,0,
INC1041828,2026-02-11 14:29:00,2026-02-11 16:38:22,2026-02-12 05:09:14,2026-02-15 05:09:14,2026-02-15 05:09:14,Closed,Medium,Network & VPN,Site outage,Network Operations,H. Silva,Chat,Sales,Waterloo,1,0,
INC1026080,2025-05-13 08:12:39,2025-05-13 09:06:18,2025-05-14 05:51:37,2025-05-17 05:51:37,2025-05-17 05:51:37,Closed,Medium,Access & Identity,Shared drive access,Identity & Access,F. Haddad,Phone,Engineering,Toronto,0,0,
INC1006975,2024-05-16 11:50:26,2024-05-16 12:33:11,2024-05-17 15:36:56,2024-05-20 15:36:56,2024-05-20 15:36:56,Closed,High,Access & Identity,MFA enrolment,Identity & Access,B. Kim,Portal,HR,Toronto,3,0,Awaiting manager approval
INC1003220,2024-03-03 01:21:53,2024-03-03 02:08:02,2024-03-04 17:17:02,2024-03-07 17:17:02,2024-03-07 17:17:02,Closed,Low,Access & Identity,Account locked,Identity & Access,C. Lopez,Portal,Customer Care,Waterloo,0,0,Awaiting manager approval
INC1005585,2024-04-18 09:33:05,2024-04-18 10:21:18,2024-04-18 13:19:31,2024-04-21 13:19:31,2024-04-21 13:19:31,Closed,Medium,Onboarding,Leaver deprovisioning,Service Desk,L. Nguyen,Phone,HR,Ottawa,0,0,
INC1013450,2024-09-18 07:52:24,2024-09-18 08:08:22,2024-09-18 11:30:03,2024-09-21 11:30:03,2024-09-21 11:30:03,Closed,High,Software,Application crash,Desktop Support,T. Martin,Phone,Engineering,Toronto,0,0,
INC1040315,2026-01-16 10:03:23,2026-01-16 11:28:38,2026-01-17 16:30:05,2026-01-20 16:30:05,2026-01-20 16:30:05,Closed,Medium,Access & Identity,SSO error,Identity & Access,C. Lopez,Portal,Customer Care,Ottawa,2,1,
INC1022674,2025-03-11 08:43:28,2025-03-11 08:49:35,2025-03-11 11:46:25,2025-03-14 11:46:25,2025-03-14 11:46:25,Closed,Critical,Hardware,Monitor / dock,Desktop Support,T. Martin,Phone,Engineering,Mississauga,0,0,
INC1036090,2025-10-24 10:38:44,2025-10-24 11:43:43,2025-10-25 09:23:19,2025-10-28 09:23:19,2025-10-28 09:23:19,Closed,Low,Network & VPN,Wi-Fi drop-outs,Network Operations,H. Silva,Phone,Customer Care,Toronto,0,0,
INC1037560,2025-11-21 07:10:14,2025-11-21 07:37:36,2025-11-21 10:35:34,2025-11-24 10:35:34,2025-11-24 10:35:34,Closed,Critical,Network & VPN,Slow connection,Network Operations,G. Novak,Chat,Engineering,Toronto,1,0,
INC1038920,2025-12-22 08:24:52,2025-12-22 09:18:50,2025-12-22 14:05:50,2025-12-25 14:05:50,2025-12-25 14:05:50,Closed,Medium,Software,Update failure,Desktop Support,P. Kaur,Phone,Engineering,Mississauga,1,0,
INC1018524,2024-12-29 21:05:57,2024-12-29 21:13:19,2024-12-29 22:31:59,2025-01-01 22:31:59,2025-01-01 22:31:59,Closed,High,Hardware,Peripheral request,Desktop Support,K. Brown,Portal,Operations,Toronto,0,0,
INC1045054,2026-04-06 11:44:41,2026-04-06 15:23:39,2026-04-07 08:59:03,2026-04-10 08:59:03,2026-04-10 08:59:03,Closed,Low,Access & Identity,Account locked,Identity & Access,C. Lopez,Phone,Operations,Remote,1,0,
INC1026658,2025-05-23 09:46:25,2025-05-23 14:28:58,2025-05-23 15:20:10,2025-05-26 15:20:10,2025-05-26 15:20:10,Closed,Medium,Network/VPN,Slow connection,Network Operations,G. Novak,Email,Engineering,Remote,0,0,
INC1032000,2025-09-02 10:57:47,2025-09-02 17:54:03,2025-09-04 22:11:41,2025-09-07 22:11:41,2025-09-07 22:11:41,Closed,Low,Access & Identity,Account locked,Identity & Access,B. Kim,Phone,Customer Care,Waterloo,1,0,Awaiting manager approval
INC1016023,2024-11-04 10:57:39,2024-11-04 12:20:16,2024-11-05 04:57:58,2024-11-08 04:57:58,2024-11-08 04:57:58,Closed,Low,Access & Identity,Account locked,Identity & Access,F. Haddad,Chat,Engineering,Toronto,0,0,
INC1037470,2025-11-19 15:03:15,2025-11-19 15:24:37,2025-11-20 04:23:08,2025-11-23 04:23:08,2025-11-23 04:23:08,Closed,High,Network & VPN,VPN will not connect,Network Operations,H. Silva,Chat,Engineering,Mississauga,1,0,
INC1015618,2024-10-26 09:52:32,2024-10-26 10:59:09,2024-10-26 12:21:27,2024-10-29 12:21:27,2024-10-29 12:21:27,Closed,Medium,Software,Update failure,Desktop Support,D. Rossi,Portal,Engineering,Toronto,0,0,
INC1004340,2024-03-25 14:49:32,2024-03-25 17:31:19,2024-03-25 22:10:43,2024-03-28 22:10:43,2024-03-28 22:10:43,Closed,Low,Hardware,Laptop fault,Desktop Support,T. Martin,Portal,Executive,Mississauga,0,0,
INC1018583,2024-12-31 09:47:24,2024-12-31 09:55:06,2024-12-31 10:57:11,2025-01-03 10:57:11,2025-01-03 10:57:11,Closed,Critical,Hardware,Battery failure,Desktop Support,E. Walsh,Email,Customer Care,Remote,0,0,
INC1046263,2026-04-25 20:02:05,2026-04-26 03:21:53,2026-04-27 03:13:24,2026-04-30 03:13:24,2026-04-30 03:13:24,Closed,Low,Printing,Driver install,Desktop Support,K. Brown,Portal,Customer Care,Remote,0,0,
INC1028140,2025-06-20 09:36:46,2025-06-20 10:59:54,2025-06-20 14:19:51,2025-06-23 14:19:51,2025-06-23 14:19:51,Closed,Medium,Printing,Toner / paper jam,Desktop Support,E. Walsh,Chat,HR,Waterloo,0,0,
INC1041856,2026-02-12 10:03:19,2026-02-12 14:13:41,2026-02-13 18:17:40,2026-02-16 18:17:40,2026-02-16 18:17:40,Closed,Low,Software,Update failure,Desktop Support,E. Walsh,Portal,Sales,Ottawa,0,0,
INC1021651,2025-02-18 14:46:47,2025-02-18 16:42:37,2025-02-19 06:13:58,2025-02-22 06:13:58,2025-02-22 06:13:58,Closed,Low,Software,Licence request,Desktop Support,P. Kaur,Email,Finance,Waterloo,0,0,
INC1029998,2025-07-24 10:26:02,2025-07-24 11:11:48,2025-07-24 12:33:33,2025-07-27 12:33:33,2025-07-27 12:33:33,Closed,High,Software,Install request,Desktop Support,D. Rossi,Email,Sales,Remote,0,0,
INC1032946,2025-09-14 19:45:57,2025-09-15 00:03:03,2025-09-15 17:46:48,2025-09-18 17:46:48,2025-09-18 17:46:48,Closed,Low,Access & Identity,SSO error,Identity & Access,B. Kim,Email,Operations,Waterloo,0,0,
INC1012856,2024-09-10 08:27:54,2024-09-10 10:00:15,2024-09-10 14:48:23,2024-09-13 14:48:23,2024-09-13 14:48:23,Closed,Medium,Email & Collaboration,Calendar sync,Collaboration,O. Byrne,Portal,Engineering,Toronto,0,0,
INC1008637,2024-06-19 10:17:45,2024-06-19 10:49:48,2024-06-19 12:53:57,2024-06-22 12:53:57,2024-06-22 12:53:57,Closed,High,Hardware,Battery failure,Desktop Support,T. Martin,Phone,Operations,Toronto,0,0,
INC1007096,2024-05-20 10:18:19,2024-05-21 01:00:31,2024-05-21 02:38:32,2024-05-24 02:38:32,2024-05-24 02:38:32,Closed,Low,Email & Collaboration,Shared mailbox access,Collaboration,N. Farah,Chat,Customer Care,Remote,0,0,
INC1006950,2024-05-16 10:09:33,2024-05-16 15:20:07,2024-05-16 23:50:53,2024-05-19 23:50:53,2024-05-19 23:50:53,Closed,Low,Printing,Driver install,Desktop Support,K. Brown,Portal,Sales,Mississauga,0,0,
INC1022466,2025-03-06 10:35:53,2025-03-06 12:28:59,2025-03-07 08:28:48,2025-03-10 08:28:48,2025-03-10 08:28:48,Closed,Medium,Hardware,Monitor / dock,Desktop Support,D. Rossi,Email,Sales,Mississauga,0,0,
INC1024883,2025-04-21 12:23:53,2025-04-21 14:15:12,2025-04-21 18:58:15,2025-04-24 18:58:15,2025-04-24 18:58:15,Closed,High,Access & Identity,Shared drive access,Identity & Access,B. Kim,Chat,Sales,Ottawa,1,0,
INC1035257,2025-10-10 10:00:56,2025-10-10 12:08:51,2025-10-11 02:19:47,2025-10-14 02:19:47,2025-10-14 02:19:47,Closed,Medium,Hardware,Peripheral request,Desktop Support,P. Kaur,Portal,Marketing,Remote,1,1,
INC1022990,2025-03-17 11:21:18,2025-03-17 14:00:40,2025-03-17 17:51:41,2025-03-20 17:51:41,2025-03-20 17:51:41,Closed,Medium,Software,Application crash,,P. Kaur,Email,Finance,Toronto,0,0,
INC1031859,2025-08-30 01:00:27,2025-08-30 01:26:57,2025-08-30 11:40:15,2025-09-02 11:40:15,2025-09-02 11:40:15,Closed,Medium,Access & Identity,MFA enrolment,Identity & Access,B. Kim,Email,Operations,Waterloo,0,0,
INC1008539,2024-06-17 15:55:34,2024-06-17 17:49:39,2024-06-18 01:12:28,2024-06-21 01:12:28,2024-06-21 01:12:28,Closed,Medium,Software,Update failure,Desktop Support,T. Martin,Portal,Finance,Waterloo,0,0,
INC1025634,2025-05-04 17:28:38,2025-05-04 19:46:09,2025-05-04 20:54:00,2025-05-07 20:54:00,2025-05-07 20:54:00,Closed,Medium,Hardware,Monitor / dock,Desktop Support,P. Kaur,Phone,Engineering,Toronto,0,0,
INC1017563,2024-12-04 11:56:56,2024-12-04 13:33:23,2024-12-19 09:44:44,2024-12-22 09:44:44,2024-12-22 09:44:44,Closed,Medium,Security,Suspicious sign-in,Security Operations,Y. Tanaka,Phone,Sales,Ottawa,0,0,
INC1000024,2024-01-01 12:00:49,2024-01-01 20:11:11,2024-01-02 01:44:02,2024-01-05 01:44:02,2024-01-05 01:44:02,Closed,Low,Software,Install request,Desktop Support,P. Kaur,Email,Sales,Remote,0,0,
INC1043408,2026-03-10 08:40:18,2026-03-10 09:07:34,2026-03-10 11:08:41,2026-03-13 11:08:41,2026-03-13 11:08:41,Closed,High,Network & VPN,Site outage,Network Operations,H. Silva,Portal,Sales,Ottawa,0,0,Awaiting carrier / vendor
INC1000227,2024-01-04 13:20:35,2024-01-04 15:48:15,2024-01-05 15:50:24,2024-01-08 15:50:24,2024-01-08 15:50:24,Closed,Low,Access & Identity,Permission request,Identity & Access,B. Kim,Email,Operations,Mississauga,1,0,
INC1036117,2025-10-24 14:32:54,2025-10-24 15:45:39,2025-10-25 04:33:44,2025-10-28 04:33:44,2025-10-28 04:33:44,Closed,Medium,Printing,Scan to email,Desktop Support,K. Brown,Phone,Sales,Toronto,1,0,
INC1029359,2025-07-12 03:29:47,2025-07-12 04:00:11,2025-07-12 06:45:25,2025-07-15 06:45:25,2025-07-15 06:45:25,Closed,High,Identity/Access,Permission request,Identity & Access,C. Lopez,Portal,Engineering,Remote,0,0,
INC1004402,2024-03-26 15:39:47,2024-03-26 17:37:41,2024-03-27 14:35:55,2024-03-30 14:35:55,2024-03-30 14:35:55,Closed,Medium,Network & VPN,VPN will not connect,Network Operations,V. Ivanova,Chat,Operations,Toronto,3,0,
INC1049091,2026-06-15 10:15:40,2026-06-15 21:40:51,2026-06-17 14:51:31,2026-06-20 14:51:31,2026-06-20 14:51:31,Closed,Low,Onboarding,Leaver deprovisioning,Service Desk,M. Chen,Portal,Finance,Waterloo,1,0,Awaiting HR details
INC1043303,2026-03-09 08:40:45,2026-03-09 09:45:06,2026-03-18 12:29:45,2026-03-21 12:29:45,2026-03-21 12:29:45,Closed,Low,Network & VPN,Wi-Fi drop-outs,Network Operations,H. Silva,Phone,Marketing,Waterloo,4,1,
INC1028095,2025-06-19 11:33:06,2025-06-19 15:53:09,2025-06-20 15:06:53,2025-06-23 15:06:53,2025-06-23 15:06:53,Closed,Medium,Access & Identity,Account locked,Identity & Access,B. Kim,Portal,HR,Toronto,1,0,Awaiting manager approval
INC1017503,2024-12-03 10:51:03,2024-12-03 16:24:29,2024-12-04 17:18:24,2024-12-07 17:18:24,2024-12-07 17:18:24,Closed,Low,Onboarding,Role change,Service Desk,A. Singh,Portal,Executive,Toronto,2,0,
INC1047749,2026-05-21 11:38:26,2026-05-21 12:16:13,2026-05-21 18:13:21,2026-05-24 18:13:21,2026-05-24 18:13:21,Closed,High,Network & VPN,Wi-Fi drop-outs,Network Operations,H. Silva,Email,Finance,Mississauga,1,0,
INC1041642,2026-02-08 21:59:51,2026-02-08 22:09:12,2026-02-09 09:28:57,2026-02-12 09:28:57,2026-02-12 09:28:57,Closed,Medium,Printing,Scan to email,Desktop Support,D. Rossi,Phone,Operations,Remote,1,0,
INC1011841,2024-08-23 05:02:37,2024-08-23 07:19:47,2024-08-23 17:28:03,2024-08-26 17:28:03,2024-08-26 17:28:03,Closed,Medium,Access & Identity,SSO error,Identity & Access,B. Kim,Portal,Operations,Ottawa,2,0,
INC1035990,2025-10-22 13:53:25,2025-10-22 14:27:08,2025-10-22 16:37:18,2025-10-25 16:37:18,2025-10-25 16:37:18,Closed,High,Software,Update failure,Desktop Support,T. Martin,Portal,Sales,Mississauga,0,0,
INC1016825,2024-11-19 12:40:40,2024-11-19 13:42:51,2024-11-20 04:27:25,2024-11-23 04:27:25,2024-11-23 04:27:25,Closed,High,Access & Identity,SSO error,Identity & Access,B. Kim,Portal,Finance,Toronto,1,0,Awaiting manager approval
INC1034464,2025-10-01 09:58:08,2025-10-01 12:32:36,2025-10-01 16:47:32,2025-10-04 16:47:32,2025-10-04 16:47:32,Closed,Medium,Hardware,Laptop fault,Desktop Support,K. Brown,Portal,Finance,Toronto,0,0,
INC1044150,2026-03-20 10:43:08,2026-03-20 13:44:02,2026-03-20 19:42:47,2026-03-23 19:42:47,2026-03-23 19:42:47,Closed,Medium,Outlook,Teams meeting issue,Collaboration,N. Farah,Portal,Finance,Mississauga,1,0,
INC1042185,2026-02-18 10:45:53,2026-02-18 15:43:28,2026-02-19 07:59:31,2026-02-22 07:59:31,2026-02-22 07:59:31,Closed,Medium,Email & Collaboration,Calendar sync,Collaboration,O. Byrne,Portal,Customer Care,Waterloo,0,0,
INC1024133,2025-04-07 12:31:47,2025-04-07 19:27:23,2025-04-08 03:03:32,2025-04-11 03:03:32,2025-04-11 03:03:32,Closed,Medium,Email & Collaboration,Shared mailbox access,Collaboration,O. Byrne,Portal,Executive,Waterloo,0,0,
INC1000010,2024-01-01 09:54:52,2024-01-01 13:10:41,2024-01-02 01:59:33,2024-01-05 01:59:33,2024-01-05 01:59:33,Closed,Low,Email & Collaboration,Shared mailbox access,Collaboration,O. Byrne,Portal,Sales,Mississauga,1,0,
INC1035892,2025-10-21 11:24:19,2025-10-21 12:27:57,2025-10-21 22:02:05,2025-10-24 22:02:05,2025-10-24 22:02:05,Closed,Medium,Software,Application crash,Desktop Support,P. Kaur,Portal,Engineering,Mississauga,0,0,
INC1008284,2024-06-12 10:52:04,2024-06-12 12:52:33,2024-06-13 10:53:12,2024-06-16 10:53:12,2024-06-16 10:53:12,Closed,Medium,Email & Collaboration,Mailbox full,Collaboration,O. Byrne,Portal,Operations,Ottawa,1,0,
INC1008844,2024-06-23 22:17:37,2024-06-23 23:32:34,2024-06-24 07:35:10,2024-06-27 07:35:10,2024-06-27 07:35:10,Closed,Low,Software,Licence request,Desktop Support,D. Rossi,Portal,Operations,Mississauga,1,0,
INC1012906,2024-09-10 13:07:57,2024-09-10 20:39:21,2024-09-11 17:19:14,2024-09-14 17:19:14,2024-09-14 17:19:14,Closed,Low,HW,Battery failure,Desktop Support,K. Brown,Portal,Operations,Toronto,1,0,
INC1049040,2026-06-13 03:21:07,2026-06-13 10:36:33,2026-06-14 01:28:56,2026-06-17 01:28:56,2026-06-17 01:28:56,Closed,Low,Hardware,Battery failure,Desktop Support,E. Walsh,Portal,Sales,Toronto,0,0,
INC1012087,2024-08-28 11:27:26,2024-08-28 13:36:20,2024-08-28 17:41:16,2024-08-31 17:41:16,2024-08-31 17:41:16,Closed,Medium,Access & Identity,MFA enrolment,Identity & Access,C. Lopez,Phone,Operations,Toronto,0,0,
INC1030491,2025-08-03 09:35:35,2025-08-03 09:47:11,2025-08-03 15:52:23,2025-08-06 15:52:23,2025-08-06 15:52:23,Closed,High,Access & Identity,Permission request,Identity & Access,C. Lopez,Email,Finance,Toronto,2,1,
INC1011921,2024-08-24 13:59:49,2024-08-24 23:33:15,2024-08-25 02:16:14,2024-08-28 02:16:14,2024-08-28 02:16:14,Closed,Low,Email & Collaboration,Teams meeting issue,Collaboration,N. Farah,Email,Finance,Waterloo,1,0,
INC1010477,2024-07-25 13:08:54,2024-07-25 17:24:14,2024-07-26 20:01:22,2024-07-29 20:01:22,2024-07-29 20:01:22,Closed,Low,Printing,Driver install,Desktop Support,E. Walsh,Phone,Sales,Waterloo,0,0,
INC1020239,2025-01-29 11:04:18,2025-01-29 11:49:58,2025-01-30 02:00:04,2025-02-02 02:00:04,2025-02-02 02:00:04,Closed,Medium,Printing,Toner / paper jam,Desktop Support,T. Martin,Portal,Executive,Remote,0,0,
INC1020083,2025-01-27 08:49:30,2025-01-27 18:54:12,2025-01-27 22:08:00,2025-01-30 22:08:00,2025-01-30 22:08:00,Closed,Low,Hardware,Laptop fault,Desktop Support,E. Walsh,Email,Sales,Ottawa,0,0,
INC1029846,2025-07-22 08:48:25,2025-07-22 09:16:22,2025-07-22 17:44:49,2025-07-25 17:44:49,2025-07-25 17:44:49,Closed,Medium,Access & Identity,SSO error,Identity & Access,B. Kim,Chat,Sales,Waterloo,0,0,
INC1023137,2025-03-19 15:07:29,2025-03-19 17:02:09,2025-03-20 00:36:58,2025-03-23 00:36:58,2025-03-23 00:36:58,Closed,Medium,Access & Identity,Permission request,Identity & Access,B. Kim,Portal,Operations,Ottawa,1,0,
INC1010716,2024-07-30 13:15:36,2024-07-30 21:38:22,2024-07-30 23:15:43,2024-08-02 23:15:43,2024-08-02 23:15:43,Closed,Low,Email & Collaboration,Calendar sync,Collaboration,N. Farah,Email,Operations,Ottawa,0,0,
INC1032631,2025-09-10 11:53:48,2025-09-10 12:04:08,2025-09-10 14:41:09,2025-09-13 14:41:09,2025-09-13 14:41:09,Closed,Critical,Access & Identity,Shared drive access,Identity & Access,F. Haddad,Portal,HR,Ottawa,0,0,
INC1025181,2025-04-25 11:38:06,2025-04-25 15:43:12,2025-04-26 13:34:09,2025-04-29 13:34:09,2025-04-29 13:34:09,Closed,Low,Email & Collaboration,Shared mailbox access,Collaboration,N. Farah,Phone,Operations,Toronto,1,0,
INC1014749,2024-10-10 09:44:40,2024-10-10 14:16:15,2024-10-11 07:08:24,2024-10-14 07:08:24,2024-10-14 07:08:24,Closed,Low,Hardware,Peripheral request,Desktop Support,E. Walsh,Portal,Finance,Toronto,0,1,
INC1037172,2025-11-13 16:06:24,2025-11-13 16:12:54,2025-11-13 18:24:21,2025-11-16 18:24:21,2025-11-16 18:24:21,Closed,Critical,Security,Suspicious sign-in,Security Operations,Y. Tanaka,Portal,Operations,Ottawa,1,0,
INC1042894,2026-03-03 09:57:46,2026-03-03 14:25:15,2026-03-07 09:30:17,2026-03-10 09:30:17,2026-03-10 09:30:17,Closed,Low,access,SSO error,Identity & Access,C. Lopez,Chat,Operations,Waterloo,0,0,
INC1002850,2024-02-23 15:15:14,2024-02-23 17:03:53,2024-02-24 08:21:44,2024-02-27 08:21:44,2024-02-27 08:21:44,Closed,Medium,Network & VPN,Wi-Fi drop-outs,Network Operations,G. Novak,Portal,Engineering,Mississauga,0,0,
INC1004619,2024-04-01 05:40:32,2024-04-01 08:07:50,2024-04-01 20:07:26,2024-04-04 20:07:26,2024-04-04 20:07:26,Closed,Medium,Access & Identity,Shared drive access,Identity & Access,B. Kim,Phone,HR,Ottawa,1,0,
INC1038692,2025-12-16 09:30:09,2025-12-16 11:52:35,2025-12-17 09:40:57,2025-12-20 09:40:57,2025-12-20 09:40:57,Closed,Medium,Printing,Printer offline,Desktop Support,K. Brown,Phone,Engineering,Remote,1,1,
INC1036480,2025-10-31 15:49:49,2025-11-01 09:04:29,2025-11-01 18:12:34,2025-11-04 18:12:34,2025-11-04 18:12:34,Closed,Low,Email & Collaboration,Teams meeting issue,Collaboration,N. Farah,Phone,Operations,Waterloo,0,0,
INC1044940,2026-04-03 11:46:40,2026-04-03 14:27:30,2026-04-05 02:28:28,2026-04-08 02:28:28,2026-04-08 02:28:28,Closed,Low,Security,Phishing report,Security Operations,Z. Mensah,Phone,Sales,Remote,2,0,
INC1024103,2025-04-07 10:28:09,2025-04-07 17:30:38,2025-04-10 00:14:17,2025-04-13 00:14:17,2025-04-13 00:14:17,Closed,Low,Onboarding,New starter setup,Service Desk,S. Ahmed,Email,Engineering,Toronto,0,0,
INC1042277,2026-02-19 13:18:41,2026-02-19 22:59:16,2026-02-21 01:56:17,2026-02-24 01:56:17,2026-02-24 01:56:17,Closed,Low,Onboarding,Role change,Service Desk,L. Nguyen,Email,Engineering,Mississauga,0,0,
INC1039718,2026-01-07 09:23:26,2026-01-07 16:16:21,2026-01-07 23:37:12,2026-01-10 23:37:12,2026-01-10 23:37:12,Closed,Medium,Software,Install request,Desktop Support,D. Rossi,Phone,Finance,Toronto,0,0,
INC1015271,2024-10-21 08:14:52,2024-10-21 09:25:57,2024-10-22 01:59:11,2024-10-25 01:59:11,2024-10-25 01:59:11,Closed,Low,Email & Collaboration,Teams meeting issue,Collaboration,N. Farah,Phone,Operations,Remote,0,0,
INC1047344,2026-05-14 10:20:35,2026-05-14 10:25:47,2026-05-14 14:14:35,2026-05-17 14:14:35,2026-05-17 14:14:35,Closed,Critical,Access & Identity,MFA enrolment,Identity & Access,C. Lopez,Portal,Executive,Waterloo,0,0,
INC1045484,2026-04-13 12:59:51,2026-04-13 17:01:51,2026-04-15 06:23:51,2026-04-18 06:23:51,2026-04-18 06:23:51,Closed,P3,Access & Identity,MFA enrolment,Identity & Access,B. Kim,Portal,Marketing,Ottawa,1,0,
INC1020039,2025-01-25 02:18:13,2025-01-25 03:02:15,2025-01-25 07:11:08,2025-01-28 07:11:08,2025-01-28 07:11:08,Closed,Medium,Email & Collaboration,Teams meeting issue,Collaboration,O. Byrne,Phone,Operations,Toronto,0,0,
INC1048516,2026-06-04 10:05:51,2026-06-04 12:09:01,,,2026-06-04 10:50:51,In Progress,Medium,Email & Collaboration,Shared mailbox access,Collaboration,O. Byrne,Email,Marketing,Toronto,0,0,
INC1046776,2026-05-05 09:15:15,2026-05-05 10:50:00,2026-05-05 22:37:06,2026-05-08 22:37:06,2026-05-08 22:37:06,Closed,Medium,Hardware,Monitor / dock,Desktop Support,P. Kaur,Portal,Marketing,Remote,0,0,
INC1036686,2025-11-05 11:58:10,2025-11-05 12:13:40,2025-11-05 12:43:53,2025-11-08 12:43:53,2025-11-08 12:43:53,Closed,High,Email & Collaboration,Teams meeting issue,Collaboration,O. Byrne,Chat,Executive,Waterloo,0,0,
INC1012766,2024-09-09 09:54:58,2024-09-09 12:10:40,2024-09-10 03:36:43,2024-09-13 03:36:43,2024-09-13 03:36:43,Closed,Medium,Onboarding,Leaver deprovisioning,Service Desk,S. Ahmed,Phone,Marketing,Toronto,1,0,
INC1034957,2025-10-07 10:52:29,2025-10-07 12:50:59,2025-10-07 22:51:43,2025-10-10 22:51:43,2025-10-10 22:51:43,Closed,Medium,Software,Install request,Desktop Support,D. Rossi,Portal,Customer Care,Waterloo,0,0,
INC1018001,2024-12-16 10:07:04,2024-12-16 10:23:35,2024-12-16 19:35:03,2024-12-19 19:35:03,2024-12-19 19:35:03,Closed,Medium,Software,Licence request,Desktop Support,E. Walsh,Chat,Finance,Waterloo,1,0,
INC1011100,2024-08-07 11:30:25,2024-08-07 12:55:35,2024-08-10 01:51:31,2024-08-13 01:51:31,2024-08-13 01:51:31,Closed,Low,Access & Identity,Account locked,Identity & Access,F. Haddad,Portal,Sales,Toronto,1,0,Awaiting manager approval
INC1003253,2024-03-04 09:40:33,2024-03-04 17:47:15,2024-03-06 14:56:35,2024-03-09 14:56:35,2024-03-09 14:56:35,Closed,Low,Network & VPN,Slow connection,Network Operations,G. Novak,Portal,Customer Care,Toronto,1,0,
INC1023543,2025-03-27 12:10:43,2025-03-27 17:17:56,2025-03-28 08:47:00,2025-03-31 08:47:00,2025-03-31 08:47:00,Closed,Low,Access & Identity,Account locked,Identity & Access,F. Haddad,Chat,Finance,Toronto,0,0,
INC1008836,2024-06-23 13:38:33,2024-06-23 17:28:32,2024-06-24 01:05:52,2024-06-27 01:05:52,2024-06-27 01:05:52,Closed,Medium,Printing,Toner / paper jam,Desktop Support,K. Brown,Email,Finance,Remote,1,0,
INC1003808,2024-03-14 14:17:41,2024-03-14 15:15:10,2024-03-14 18:03:12,2024-03-17 18:03:12,2024-03-17 18:03:12,Closed,High,Software,Application crash,Desktop Support,P. Kaur,Phone,Sales,Toronto,1,0,
INC1033350,2025-09-18 10:55:43,2025-09-18 12:00:32,2025-09-18 19:54:05,2025-09-21 19:54:05,2025-09-21 19:54:05,Closed,High,Access & Identity,SSO error,Identity & Access,C. Lopez,Portal,Finance,Waterloo,1,0,Awaiting manager approval
INC1011725,2024-08-21 05:52:29,2024-08-21 07:05:26,2024-08-21 08:20:41,2024-08-24 08:20:41,2024-08-24 08:20:41,Closed,Medium,Email & Collaboration,Shared mailbox access,Collaboration,O. Byrne,Phone,Customer Care,Toronto,0,0,
INC1043359,2026-03-09 12:24:32,2026-03-09 18:33:23,2026-03-11 22:19:37,2026-03-14 22:19:37,2026-03-14 22:19:37,Closed,Low,Access & Identity,Permission request,Identity & Access,B. Kim,Portal,Sales,Toronto,1,0,
INC1010685,2024-07-30 10:10:15,2024-07-30 13:32:34,2024-07-31 18:25:04,2024-08-03 18:25:04,2024-08-03 18:25:04,Closed,Low,Network & VPN,Wi-Fi drop-outs,Network Operations,G. Novak,Portal,Marketing,Waterloo,0,0,
INC1029003,2025-07-06 13:54:49,2025-07-06 17:09:32,2025-07-07 03:13:05,2025-07-10 03:13:05,2025-07-10 03:13:05,Closed,Low,Access & Identity,Account locked,Identity & Access,F. Haddad,Phone,Sales,Remote,2,0,
INC1015288,2024-10-21 09:57:57,2024-10-21 10:34:42,2024-10-24 18:00:04,2024-10-27 18:00:04,2024-10-27 18:00:04,Closed,med,Access & Identity,SSO error,Identity & Access,C. Lopez,Phone,Sales,Toronto,0,0,
INC1011536,2024-08-16 10:36:34,2024-08-16 11:08:46,2024-08-16 15:59:52,2024-08-19 15:59:52,2024-08-19 15:59:52,Closed,High,Hardware,Monitor / dock,Desktop Support,D. Rossi,Email,Operations,Toronto,0,0,
INC1011041,2024-08-06 12:12:23,2024-08-06 12:20:55,2024-08-06 16:32:58,2024-08-09 16:32:58,2024-08-09 16:32:58,Closed,High,Access & Identity,Permission request,Identity & Access,C. Lopez,Portal,Sales,Remote,0,0,
INC1027831,2025-06-14 23:33:44,2025-06-15 00:40:22,2025-06-15 10:16:01,2025-06-18 10:16:01,2025-06-18 10:16:01,Closed,Low,Onboarding,New starter setup,Service Desk,L. Nguyen,Email,Engineering,Toronto,0,0,
INC1013604,2024-09-19 12:33:17,2024-09-19 12:47:21,2024-09-19 16:55:19,2024-09-22 16:55:19,2024-09-22 16:55:19,Closed,High,Access & Identity,SSO error,Identity & Access,C. Lopez,Portal,Engineering,Remote,0,0,
INC1002847,2024-02-23 15:00:20,2024-02-23 21:06:40,2024-02-25 06:09:35,2024-02-28 06:09:35,2024-02-28 06:09:35,Closed,Low,,Install request,Desktop Support,T. Martin,Phone,Finance,Waterloo,0,0,
INC1003912,2024-03-18 07:12:42,2024-03-18 08:02:45,2024-03-18 18:18:01,2024-03-21 18:18:01,2024-03-21 18:18:01,Closed,Medium,Onboarding,New starter setup,Service Desk,J. Okafor,Chat,Operations,Toronto,0,0,
INC1036186,2025-10-27 11:54:09,2025-10-27 15:36:30,2025-10-29 11:43:03,2025-11-01 11:43:03,2025-11-01 11:43:03,Closed,Low,Printing,Toner / paper jam,Desktop Support,K. Brown,Portal,Engineering,Toronto,1,0,
INC1035046,2025-10-08 09:48:14,2025-10-08 13:39:32,2025-10-08 19:13:23,2025-10-11 19:13:23,2025-10-11 19:13:23,Closed,Medium,Hardware,Laptop fault,Desktop Support,T. Martin,Email,Finance,Toronto,0,0,
INC1039183,2025-12-27 08:42:53,2025-12-27 10:33:11,2025-12-28 03:30:30,2025-12-31 03:30:30,2025-12-31 03:30:30,Closed,Low,Hardware,Battery failure,Desktop Support,D. Rossi,Portal,Operations,Ottawa,0,0,
INC1025133,2025-04-24 13:40:02,2025-04-24 13:59:56,2025-04-24 21:44:12,2025-04-27 21:44:12,2025-04-27 21:44:12,Closed,Medium,Hardware,Peripheral request,Desktop Support,P. Kaur,Chat,HR,Toronto,0,0,
INC1038913,2025-12-21 11:31:29,2025-12-21 12:17:39,2025-12-21 12:31:46,2025-12-24 12:31:46,2025-12-24 12:31:46,Closed,Medium,Email & Collaboration,Teams meeting issue,Collaboration,N. Farah,Email,Operations,Mississauga,0,0,
INC1031394,2025-08-21 08:11:42,2025-08-21 09:14:11,2025-08-22 07:54:48,2025-08-25 07:54:48,2025-08-25 07:54:48,Closed,Medium,Access & Identity,SSO error,Identity & Access,C. Lopez,Portal,Customer Care,Remote,2,0,Awaiting manager approval
INC1014187,2024-09-30 14:52:07,2024-09-30 16:08:56,2024-10-01 00:15:14,2024-10-04 00:15:14,2024-10-04 00:15:14,Closed,Medium,Onboarding,Role change,Service Desk,S. Ahmed,Email,Sales,Ottawa,0,0,
INC1042827,2026-03-02 12:03:42,2026-03-02 12:40:02,2026-03-02 22:18:39,2026-03-05 22:18:39,2026-03-05 22:18:39,Closed,Medium,Email & Collaboration,Teams meeting issue,Collaboration,N. Farah,Portal,Operations,Ottawa,0,0,
INC1036241,2025-10-28 10:47:55,2025-10-28 11:10:27,2025-10-28 12:41:32,2025-10-31 12:41:32,2025-10-31 12:41:32,Closed,High,Software,Application crash,Desktop Support,P. Kaur,Email,Engineering,Mississauga,0,0,
INC1026665,2025-05-23 10:46:02,2025-05-23 13:37:56,2025-05-25 00:44:25,2025-05-28 00:44:25,2025-05-28 00:44:25,Closed,Low,Onboarding,New starter setup,Service Desk,A. Singh,Phone,Finance,Remote,0,0,
INC1000922,2024-01-18 08:39:34,2024-01-18 08:57:06,2024-01-18 18:19:03,2024-01-21 18:19:03,2024-01-21 18:19:03,Closed,High,Network & VPN,Firewall rule request,Network Operations,H. Silva,Email,Sales,Remote,0,0,Awaiting carrier / vendor
INC1039139,2025-12-26 10:05:10,2025-12-26 10:20:27,2025-12-26 19:34:56,2025-12-29 19:34:56,2025-12-29 19:34:56,Closed,High,Access & Identity,SSO error,Identity & Access,F. Haddad,Phone,HR,Toronto,2,0,Awaiting manager approval
INC1020489,2025-02-03 13:50:43,2025-02-03 15:30:22,2025-02-03 23:21:46,2025-02-06 23:21:46,2025-02-06 23:21:46,Closed,Medium,Access & Identity,Permission request,Identity & Access,C. Lopez,Phone,Sales,Waterloo,2,0,
INC1018835,2025-01-03 15:22:31,2025-01-03 20:40:16,,,2025-01-03 16:07:31,In Progress,Low,Hardware,Laptop fault,Desktop Support,K. Brown,Email,Operations,Mississauga,1,0,
